node,lat,lon,degree
373335666,36.6092354,140.6612374,10
373335743,36.6051545,140.657021,6
373335750,36.6048948,140.6564059,6
373335758,36.6030383,140.6539545,6
373335762,36.6025841,140.6536544,6
373335777,36.5966275,140.6512583,6
373335931,36.5290345,140.6178002,8
<<<<<<< HEAD
959518575,36.6170406,140.6763469,2
=======
959518575,36.6170406,140.6763469,4
>>>>>>> 1e61a47e6e88ab5851de5706f3a1665c927f06cf
959518630,36.6052764,140.6742963,6
959533132,36.604491,140.6557588,8
959533344,36.6041649,140.6562526,6
959533366,36.6032542,140.6577158,8
959533392,36.6016621,140.6592322,6
959533432,36.6001163,140.6635699,6
959533434,36.5999332,140.6641495,8
959533443,36.5995544,140.6654716,8
959533452,36.599251,140.6667092,6
959533455,36.5991093,140.66712,6
959533463,36.5989829,140.6674392,6
959533603,36.5975697,140.6704824,6
959568598,36.5284614,140.621192,6
959568602,36.5286555,140.6200735,6
959568607,36.5289159,140.618509,8
959568674,36.5897821,140.6467647,6
<<<<<<< HEAD
959568767,36.5276556,140.6334355,2
959568770,36.5281874,140.6333041,6
959568773,36.5279587,140.6330891,6
959568777,36.5281216,140.6321625,8
959568779,36.5282546,140.6314246,8
=======
959568770,36.5281874,140.6333041,4
959568777,36.5281216,140.6321625,4
959568779,36.5282546,140.6314246,6
>>>>>>> 1e61a47e6e88ab5851de5706f3a1665c927f06cf
959568784,36.5288233,140.630244,6
959568785,36.5289861,140.6300114,8
959568789,36.5284698,140.629456,6
959568790,36.5283836,140.6294399,6
<<<<<<< HEAD
959568793,36.5281825,140.6292448,6
959568794,36.5282937,140.6288714,6
959568796,36.5284176,140.6285463,6
959568800,36.5282595,140.6280287,6
=======
959568793,36.5281825,140.6292448,4
959568794,36.5282937,140.6288714,4
959568796,36.5284176,140.6285463,4
959568800,36.5282595,140.6280287,4
>>>>>>> 1e61a47e6e88ab5851de5706f3a1665c927f06cf
959568801,36.5282932,140.6278949,6
959568803,36.5285737,140.6280278,6
959568823,36.5922953,140.6485439,8
959568876,36.5920834,140.6469866,6
959568888,36.5928041,140.6459729,6
959568926,36.5921155,140.6433395,8
959568930,36.5922635,140.6424497,6
959568951,36.5908778,140.6408484,6
959568969,36.5893721,140.6389976,6
959568977,36.5887543,140.639813,6
959568979,36.5885827,140.6399748,6
959568989,36.5893939,140.6408108,6
995829435,36.5426668,140.6434196,6
995829481,36.5472692,140.6432813,6
995829497,36.5480667,140.6410962,6
995831208,36.554162,140.6430916,6
995831243,36.5650777,140.6463224,6
995831330,36.5780786,140.6559741,8
995832563,36.5784461,140.6561945,6
995832582,36.5781796,140.6575964,8
995832587,36.5788299,140.6578053,6
995832653,36.5830417,140.6613921,6
995832657,36.5835033,140.660563,6
995832662,36.5837472,140.6598935,8
995834874,36.5868746,140.6617795,6
995834887,36.5880901,140.6617398,6
995834891,36.5885082,140.6617076,6
995834903,36.591074,140.6608207,2
995834907,36.5896011,140.6599166,6
995834909,36.5892634,140.6607907,6
995836418,36.5927479,140.6639582,6
995836440,36.5949753,140.6660464,6
995836513,36.5975378,140.6682555,2
995859436,36.5859997,140.6619272,8
995859626,36.5862174,140.6612274,8
995859642,36.5868627,140.6594699,8
995859699,36.5907706,140.6548707,10
995859713,36.5915376,140.6532989,8
995859715,36.5917791,140.6528082,8
995859716,36.5919267,140.6524968,6
995859723,36.5922197,140.6518947,8
995866047,36.5935419,140.6528576,6
996119836,36.6140712,140.6711939,6
996119943,36.6055166,140.6573819,6
996120043,36.6131767,140.672156,6
996120054,36.6127533,140.6728698,6
996120091,36.6111121,140.6755562,6
996120095,36.6108325,140.6756953,6
996120116,36.612813,140.6765705,8
996120125,36.6141569,140.6772016,6
996120127,36.6143655,140.6773692,8
996130431,36.5843192,140.6414484,8
996130461,36.6128121,140.6727353,6
996130471,36.6106162,140.6713217,8
996130476,36.6101702,140.671262,6
996130481,36.6092059,140.6710409,6
996130491,36.6082727,140.6699097,6
996130496,36.6074364,140.6690207,6
996130501,36.6071121,140.6689441,6
996130524,36.6059678,140.6676221,6
996130528,36.6052271,140.6675669,6
996130531,36.6049658,140.6675236,6
996130563,36.6050301,140.6668845,6
996130572,36.6051358,140.6659121,6
996130575,36.6051972,140.6654298,6
996130577,36.6052163,140.6652471,8
996130585,36.6041434,140.6648019,6
996130594,36.6036068,140.6643633,8
996130614,36.6021222,140.6627748,6
996130639,36.6013586,140.6621993,8
996130657,36.5993567,140.6607338,8
996130667,36.599017,140.6602766,6
996130671,36.5986841,140.6594741,6
996130696,36.5975232,140.658255,6
996130704,36.5970897,140.657923,6
996130725,36.5943064,140.657609,6
996130731,36.5929902,140.6567855,6
996130733,36.5922681,140.6563105,8
996130759,36.5891173,140.6534684,6
996130763,36.5884497,140.6530227,6
996130782,36.5863225,140.6514115,8
996130812,36.5860462,140.6485205,8
996130830,36.5851137,140.6453368,8
996146154,36.5740364,140.6349764,6
996146201,36.5740803,140.6324135,6
996146340,36.5732037,140.6249629,6
996146398,36.5737431,140.6208789,6
996146435,36.5755139,140.6172861,8
996146444,36.5767511,140.6166454,6
996146615,36.5822382,140.6091041,6
996146732,36.5799694,140.6019258,6
996380386,36.5337784,140.6363209,8
996387642,36.5360899,140.637607,4
996387659,36.5377435,140.637771,6
996387714,36.541815,140.6415352,6
999760452,36.5881437,140.6452849,6
999767825,36.5834711,140.6502716,6
1000292665,36.5803263,140.6496113,6
1000292669,36.5799218,140.6493894,8
1000292722,36.5758128,140.6454492,10
1000292975,36.5590199,140.6384325,6
1000293028,36.553158,140.632571,6
1000293035,36.5525455,140.6318883,6
1000320706,36.5535275,140.630826,8
1000320752,36.5482481,140.6261866,6
1000320763,36.5450964,140.6244639,6
1000320768,36.5432683,140.6237457,6
1000329411,36.5404324,140.6221485,8
1000329613,36.5388198,140.6111747,6
1000329620,36.5383399,140.6103151,6
1000329625,36.5381403,140.6099533,8
1000329629,36.5373381,140.6106366,10
1000329735,36.5317258,140.6114355,6
1000329748,36.5311453,140.6127668,6
1000329782,36.5291045,140.6137858,8
1196708561,36.5378218,140.6253763,8
1196708703,36.5345591,140.6280356,6
1196709053,36.5357825,140.6256559,6
1196709451,36.5356952,140.6258057,6
1196709841,36.5422229,140.6266582,8
<<<<<<< HEAD
1196710080,36.5278223,140.6139033,4
=======
>>>>>>> 1e61a47e6e88ab5851de5706f3a1665c927f06cf
1196710125,36.5395222,140.625885,8
1197450458,36.5282645,140.6200384,6
1197450555,36.5677487,140.647439,8
1197450812,36.5285628,140.6206041,6
<<<<<<< HEAD
1197450845,36.528224,140.6205716,6
1197450926,36.5280719,140.6194815,6
1197451422,36.5280658,140.6200147,6
1197451611,36.5285474,140.6193566,6
1197452193,36.5277657,140.6199674,4
1197452267,36.5665962,140.6462959,8
1197483062,36.5283867,140.6143798,6
1197483235,36.5278856,140.6161786,6
1197483294,36.5283795,140.6158813,2
1197483456,36.5286602,140.6136291,2
1197483807,36.5280467,140.6175437,6
1197483851,36.5279892,140.6165693,6
1197484146,36.5281615,140.6166609,6
1197484222,36.5277178,140.6166524,4
1197484298,36.5289315,140.6159544,6
1197484490,36.5276895,140.617485,4
=======
1197450845,36.528224,140.6205716,4
1197450926,36.5280719,140.6194815,4
1197451422,36.5280658,140.6200147,4
1197451611,36.5285474,140.6193566,6
1197452267,36.5665962,140.6462959,8
1197483062,36.5283867,140.6143798,6
1197483807,36.5280467,140.6175437,4
1197484146,36.5281615,140.6166609,4
1197484298,36.5289315,140.6159544,6
>>>>>>> 1e61a47e6e88ab5851de5706f3a1665c927f06cf
1197485468,36.5287279,140.6146696,6
1197850538,36.5675396,140.6478501,8
1197850539,36.562672,140.6365445,8
1197850540,36.5685507,140.6302055,6
1197850547,36.5682207,140.6405929,8
1197850549,36.5572779,140.6336992,8
1197850553,36.5630166,140.6275345,6
1197850555,36.5610802,140.6369563,6
1197850566,36.5620556,140.6358958,8
1197850568,36.5585526,140.6354542,8
1197850572,36.5570923,140.6274911,6
1197850577,36.5561915,140.6278641,6
1197850583,36.554314,140.6315316,6
1197850595,36.5613368,140.6360483,8
1197850604,36.5720332,140.6251242,6
1197850616,36.5578256,140.6375245,8
1197850618,36.5544392,140.6298095,8
1197850637,36.5701692,140.6298467,8
1197850642,36.5593829,140.6365806,8
1197850648,36.5674118,140.6280785,6
1197850678,36.56769,140.6287137,6
1197850695,36.5548829,140.6320859,6
1197850696,36.5654242,140.6275277,6
1197850697,36.5598143,140.6371749,6
1197850703,36.5530938,140.6423411,6
1197850705,36.5681497,140.6277322,6
1197850709,36.559854,140.6363618,6
1197850718,36.5685072,140.6356309,8
1197850724,36.5518591,140.6262332,8
1197850725,36.5680582,140.6382422,6
1197850728,36.5674125,140.6278158,6
1197879702,36.5666427,140.6366502,6
1197879706,36.5562826,140.624531,6
1197879709,36.5665591,140.6170783,6
1197879720,36.5614522,140.6296561,8
1197879722,36.5621671,140.6312651,8
1197879730,36.5567211,140.6256355,2
1197879736,36.5681464,140.6394672,6
1197879737,36.5612429,140.6212688,6
1197879739,36.5679407,140.621543,6
1197879754,36.5564233,140.6325294,8
1197879756,36.553072,140.624481,6
1197879767,36.5561729,140.6255341,8
1197879785,36.5596217,140.6335614,8
1197879790,36.5553571,140.6256079,8
1197879794,36.5645035,140.6294913,8
1197879803,36.5711468,140.6140449,6
1197879811,36.5650346,140.6353044,6
1197879812,36.5557137,140.6333179,6
1197879813,36.5663971,140.6349785,6
1197879818,36.5611279,140.6265547,6
1197879839,36.5600247,140.6331027,8
1197879846,36.5645564,140.6310746,8
1197879849,36.5626955,140.6241994,8
1197879855,36.5488121,140.6314371,2
1197879858,36.5657641,140.6259192,6
1197879862,36.5527516,140.626162,6
1197879868,36.5545705,140.624521,6
1197879878,36.5639236,140.638637,8
1197879880,36.5582691,140.6350709,8
1197879887,36.5627278,140.629614,8
1197879901,36.570287,140.6351279,6
1197879905,36.5647334,140.6462046,6
1197879907,36.5572384,140.6246859,6
1197879909,36.5667611,140.6348659,6
1197879911,36.5612025,140.6317821,8
1197879913,36.5598706,140.6156736,6
1197879914,36.5610857,140.6274514,6
1197879917,36.5648426,140.6314523,8
1197879919,36.5660293,140.6384565,6
1197879922,36.5648465,140.6276099,6
1197879923,36.5524381,140.6255942,6
1197879930,36.5597204,140.621928,8
1197879936,36.5606623,140.6257201,6
1197879937,36.5683582,140.6177928,6
1197879959,36.5530488,140.6239965,8
1197879960,36.5678409,140.615102,6
1197879963,36.559329,140.6124233,6
1197879987,36.559933,140.6114855,6
1197880004,36.567444,140.6221463,6
1197880020,36.5602671,140.6231227,8
1197880028,36.5664852,140.6374645,6
1197880044,36.5588193,140.6297384,6
1197880048,36.5594253,140.6154319,6
1197880053,36.5600689,140.6162726,6
1197880062,36.5588473,140.6274031,8
1197880085,36.5611929,140.6274549,6
1197880094,36.5491113,140.6306434,8
1197880095,36.5630938,140.6231078,6
1197880098,36.5637653,140.6411628,10
1197880112,36.5620769,140.623601,6
1197880120,36.5705792,140.6352586,8
1197880125,36.5579113,140.6250949,6
1197880134,36.5541319,140.6250212,6
1197880141,36.5701776,140.6368313,6
1197880144,36.5483753,140.6326364,2
1197880146,36.5613461,140.6242864,8
1197880151,36.5464053,140.6367798,2
1197880157,36.5553957,140.6267625,8
1197880168,36.5540688,140.6259944,6
1197880169,36.5688419,140.6411198,6
1197880176,36.5640628,140.6310948,6
1197880178,36.5644245,140.6275872,8
1197880186,36.5586237,140.6300673,8
1197880197,36.5595287,140.629728,8
1197880198,36.563523,140.6275539,6
1197880200,36.5616941,140.6312904,6
1197880201,36.5669627,140.6347937,6
1197880214,36.5706161,140.636156,6
1197880226,36.5689062,140.6346591,8
1197880228,36.5562278,140.6250323,6
1197880229,36.5635296,140.6267134,6
1197880231,36.569412,140.6396923,6
1197880234,36.5726013,140.623368,6
1197880243,36.5477472,140.6343987,2
1197880245,36.5556355,140.6244141,6
1197880246,36.5629754,140.6357103,8
1197880247,36.558168,140.6305687,8
1197880250,36.561603,140.6306792,6
1197880258,36.5508202,140.6287109,8
1197880259,36.562588,140.6243181,8
1197880263,36.5557613,140.6283359,8
1197880264,36.5588066,140.6344772,8
1197880274,36.5618629,140.6251355,8
1197880277,36.5588721,140.6283279,6
1197880279,36.5568708,140.6242566,2
1197880282,36.5602932,140.611048,6
1197880291,36.5654865,140.635215,6
1197880293,36.5666857,140.6359569,8
1197880296,36.5676706,140.6345168,8
1197880302,36.5660273,140.6383001,6
1197880306,36.5635428,140.6254097,6
1197880315,36.5700754,140.6494502,6
1197880317,36.5606032,140.6113045,6
1197880323,36.5558417,140.6262615,8
1197880326,36.5531419,140.6280189,6
1197880330,36.5537166,140.6264168,6
1197880338,36.5529003,140.6263911,2
1197880340,36.5686085,140.6455582,8
1197941891,36.5514656,140.6208793,6
1197941893,36.5411347,140.6090383,6
1197941898,36.5479243,140.6196948,6
1197941900,36.5488177,140.6112571,6
1197941902,36.5421626,140.6182207,6
1197941904,36.5479831,140.6130974,6
1197941924,36.5314745,140.6251418,8
1197941945,36.5397393,140.608593,8
1197941947,36.5457362,140.6096572,8
1197941960,36.5477207,140.6408962,6
1197941961,36.5353038,140.6365308,6
1197941980,36.5389153,140.6132563,8
1197941984,36.5468694,140.6149414,6
1197941988,36.5478496,140.6409694,6
1197941994,36.5540318,140.6206786,6
1197941997,36.5348939,140.6153651,6
1197942018,36.535031,140.6275088,6
1197942022,36.5360016,140.6150271,8
1197942024,36.5468915,140.623916,6
1197942027,36.5376484,140.6147819,6
1197942034,36.5308247,140.6290915,6
1197942038,36.5398844,140.6299538,8
1197942046,36.5442071,140.6324837,6
1197942065,36.5469299,140.6231961,8
1197942069,36.53908,140.6070817,6
1197942097,36.546773,140.6151087,6
1197942101,36.5359859,140.6289178,8
1197942102,36.5462699,140.6163135,6
1197942111,36.5558824,140.6210378,6
1197942120,36.5412461,140.6175264,8
1197942122,36.5368763,140.6288184,8
1197942124,36.5498839,140.6171513,6
1197942133,36.5468659,140.6199872,6
1197942134,36.539038,140.6112134,6
1197942137,36.5468318,140.6247421,8
1197942140,36.539212,140.6370521,8
1197942156,36.5386796,140.6094917,8
1197942170,36.5466256,140.6402674,8
1197942177,36.5397282,140.607452,6
1197942178,36.5363024,140.6290159,6
1197942210,36.5315272,140.6279053,6
1197942216,36.5488719,140.6104361,6
1197942230,36.5431671,140.6309528,6
1197942232,36.5455869,140.6344112,8
1197942238,36.5461168,140.6202465,6
1197942239,36.5473473,140.6165934,8
1197942244,36.5513367,140.6197322,6
1197942245,36.543123,140.6206514,8
1197942246,36.5411992,140.6306204,8
1197942261,36.5381738,140.6071048,6
1197942274,36.5445734,140.6400113,6
1197942277,36.5490174,140.6269945,8
1197942289,36.5542255,140.6208195,6
1197942308,36.5487476,140.6169373,8
1197942311,36.5354358,140.6283306,6
1197942318,36.5313861,140.6265506,8
1197942319,36.541567,140.6384428,8
1197942324,36.5313961,140.6255553,6
1197942334,36.5375411,140.608854,8
1197942336,36.538383,140.6366618,6
1197942346,36.5456911,140.6203392,8
1197942347,36.5441784,140.6324368,8
1197942349,36.5389435,140.6092648,8
1197942352,36.5382156,140.6143323,6
1197942355,36.5423954,140.6202265,6
1197942356,36.5469465,140.6127645,6
1197942364,36.5376971,140.6288222,6
1197942374,36.5366349,140.6254458,6
1197942377,36.5494169,140.6195696,6
1197942378,36.548387,140.6119076,8
1197942381,36.5389059,140.6114739,6
1197942387,36.5471652,140.6199091,8
1197942392,36.5467274,140.6152062,6
1197942403,36.5547154,140.6208877,8
1197942408,36.5506084,140.6235955,8
1197942413,36.5513847,140.6166823,6
1197942416,36.5368652,140.6279404,6
1197942421,36.5468043,140.6141585,6
1197942424,36.5449033,140.6290976,8
1197942425,36.5460732,140.6167157,6
1197942428,36.5478078,140.6122566,6
1197942436,36.542197,140.633085,6
1197942441,36.5480519,140.6082757,6
1197942459,36.5445514,140.6335702,8
1197942461,36.5384131,140.6097198,8
1197942470,36.540257,140.6081518,6
1197942488,36.5376374,140.6287304,6
1197942490,36.5388305,140.6069808,8
1197942497,36.5427788,140.6314592,8
1197942507,36.5486099,140.6116388,6
1197942512,36.5480349,140.6129811,6
1197942516,36.5417091,140.6182013,6
1197942532,36.5551781,140.6207903,10
1197942544,36.5368042,140.628351,6
1197942551,36.549465,140.6171442,6
1197942557,36.5405332,140.6079253,8
1197942559,36.547056,140.6356488,2
1197942563,36.5332934,140.6194143,6
1197942569,36.5467947,140.6252196,8
1197942571,36.5471496,140.6088151,6
1197942576,36.5473176,140.6176486,8
1197942581,36.5482308,140.6375604,6
1197942603,36.5456933,140.6276592,8
1197942605,36.5498327,140.6195907,6
1197942613,36.5393101,140.6072107,6
1197957310,36.5682057,140.6108256,6
1197957317,36.5685766,140.6088006,6
1197957319,36.5666689,140.6103922,6
1197957347,36.5678861,140.6086945,6
1197957350,36.5685761,140.6091974,6
1197957371,36.5676107,140.6103957,6
1197957380,36.5672005,140.6095905,6
1197957382,36.568817,140.6099914,6
1197957404,36.5664667,140.6108256,6
1197957436,36.5678195,140.6087951,6
1197957438,36.5668727,140.6099837,6
1197957459,36.5688177,140.6096037,6
1197957474,36.567541,140.6091913,6
1197959541,36.5686272,140.6430409,6
1197959551,36.5708071,140.6405982,6
1197959553,36.571353,140.6322785,6
1197959568,36.5700918,140.6453935,2
1197959574,36.5685932,140.6426808,6
1197959597,36.5707752,140.6456581,6
1197959616,36.5690922,140.6433761,6
1197959618,36.5710372,140.6460031,2
1197959636,36.5714066,140.6400669,6
1197959659,36.5711148,140.6413662,6
1197959689,36.5690647,140.6429847,6
1197959711,36.5705109,140.6423822,10
1197959756,36.5693521,140.6425793,6
1197959768,36.5709428,140.6320184,6
1197959779,36.5699507,140.6314775,8
1197959788,36.5686637,140.6434273,6
1197959791,36.5716486,140.6389125,6
1197959803,36.570962,140.6435281,6
1197959804,36.5706125,140.6279417,6
1197959829,36.5716407,140.6409308,6
1197959851,36.5714157,140.644258,6
1197959861,36.569746,140.6419337,6
1197959866,36.5713101,140.6257983,6
1197959918,36.568398,140.6427325,6
1197959945,36.5711088,140.641408,6
1197959947,36.5722681,140.6391744,6
1197965038,36.5649714,140.612237,8
1197965039,36.5685261,140.6118984,6
1197965046,36.5652882,140.6132146,6
1197965067,36.5655988,140.6122291,6
1197965074,36.5658422,140.6152181,6
1197965078,36.5652889,140.6122355,6
1197965086,36.5649767,140.6132084,6
1197965088,36.5655999,140.6132093,6
1197965092,36.5680032,140.6121754,8
1197965102,36.5659279,140.6122224,8
1197966327,36.5672805,140.6122138,6
1197966328,36.5642059,140.6128274,8
1197966334,36.5668883,140.6159141,6
1197966336,36.5662865,140.6122128,6
1197966338,36.5643348,140.6122369,6
1197966340,36.564607,140.6123449,6
1197966342,36.5664801,140.6136007,6
1197966345,36.5646066,140.6129873,6
1197966346,36.5671708,140.6156576,6
1197966350,36.5662783,140.6126803,6
1197966351,36.5661318,140.6146451,6
1197966353,36.5664843,140.6146662,6
1197966356,36.5668532,140.6146637,6
1197966357,36.5676716,140.613642,6
1197966358,36.5666092,140.6161761,6
1197966359,36.5668843,140.6136198,6
1197966361,36.565757,140.6146309,6
1197966363,36.5676103,140.6122221,6
1197966364,36.5674683,140.6152995,6
1197966366,36.566949,140.6122095,6
1197966368,36.567796,140.6133727,6
1197966370,36.5672135,140.6146787,6
1197966372,36.5666588,140.6155338,6
1197966373,36.565962,140.615816,6
1197966374,36.5672777,140.6136315,6
1197966376,36.5666081,140.6122059,6
1197966380,36.5662746,140.6157755,6
1197970698,36.5650731,140.6138324,6
1197970700,36.5662646,140.6171032,6
1197970702,36.564874,140.6176128,6
1197970703,36.565713,140.6162194,6
1197970704,36.5653952,140.6162509,8
1197970712,36.5652193,140.6153956,6
1197970716,36.5655493,140.6182917,6
1197970717,36.5655224,140.615322,8
1197970729,36.5655823,140.6187283,6
1197970735,36.5654684,140.6171875,8
1197970737,36.5645764,140.6178732,6
1197970739,36.5653175,140.6146203,6
1197970740,36.5647092,140.6139116,2
1197970742,36.5662829,140.618211,6
1197970743,36.5649502,140.614199,2
1197970753,36.5644407,140.6133745,6
1197970754,36.5651086,140.6172261,8
1197970757,36.5648284,140.6136573,6
1197970764,36.5652143,140.6187112,6
1197970765,36.5658619,140.6182559,6
1197970766,36.5662481,140.618659,6
1197970769,36.565783,140.6171484,8
1197970771,36.5651767,140.6182267,6
1197970783,36.5649639,140.614748,6
1197975673,36.5694742,140.6195794,6
1197975677,36.5683598,140.6199937,8
1197975679,36.568357,140.619155,6
1197975681,36.5683563,140.6173879,6
1197975682,36.571101,140.6172706,8
1197975684,36.56836,140.6195747,6
1197975685,36.567705,140.6169644,6
1197975687,36.5697006,140.6215596,6
1197975688,36.567171,140.6169624,2
1197975694,36.5676863,140.6186562,6
1197975697,36.5683587,140.620651,6
1197975698,36.5677081,140.6173975,6
1197975699,36.5690675,140.6200145,8
1197975703,36.5691109,140.618421,2
1197975705,36.5683623,140.6202286,6
1197975710,36.5690697,140.6195764,8
1197975711,36.5683592,140.6187239,6
1197975713,36.5683571,140.6190777,6
1197975717,36.5690642,140.6202608,6
1197975718,36.57046,140.6220582,6
1197975719,36.5676825,140.6182268,6
1197975722,36.5681597,140.62,6
1197975723,36.5694503,140.6206521,6
1197975724,36.5698588,140.6215301,2
1197975725,36.5683646,140.6182285,8
1197975726,36.5683591,140.6208074,6
1197975727,36.5690751,140.619151,6
1197975730,36.5683605,140.6186527,6
1197975738,36.5694501,140.6207028,6
1197975739,36.5690729,140.6187354,6
1197975741,36.5676858,140.6177918,6
1197975747,36.5698968,140.6200194,6
1198082627,36.5351753,140.6096013,6
1198082628,36.5312319,140.6144572,6
1198082638,36.5326539,140.6102025,6
1198082653,36.5395241,140.6134692,6
1198082671,36.5366322,140.6144167,8
1198082672,36.5389033,140.6065552,8
1198082680,36.5354839,140.6091517,6
1198082689,36.5378198,140.6081699,6
1198082702,36.536245,140.6105449,6
1198082714,36.5390809,140.6066095,6
1198082728,36.5382497,140.6120892,6
1198082731,36.5429276,140.6083691,6
1198082734,36.5417723,140.6089151,8
1198082737,36.5305146,140.6096191,8
1198082738,36.5307555,140.6085533,8
1198082741,36.5376768,140.6098639,6
1198082744,36.5384422,140.6076626,6
1198082745,36.5376566,140.6121415,6
1198082753,36.535923,140.6105882,6
1198082754,36.5367058,140.6122579,6
1198082755,36.5390933,140.607415,6
1198082760,36.5380299,140.6123929,8
1198082761,36.5325565,140.6091514,8
1198082763,36.5311653,140.6111294,8
1198082766,36.5367927,140.6093998,6
1198082768,36.5288836,140.6096632,6
1198082771,36.5303575,140.6161755,6
1198082774,36.5409292,140.6079008,8
1198082777,36.5302229,140.6127588,6
1198082779,36.5390999,140.6102697,6
1198082781,36.5292025,140.6098339,6
1198082786,36.5298259,140.6104428,6
1198082787,36.5382836,140.610949,6
1198082790,36.5325314,140.6087737,8
1198082791,36.5405741,140.609416,6
1198082792,36.5294914,140.6102306,6
1198082793,36.5373503,140.6128799,6
1198082794,36.5379299,140.6063559,8
1198082798,36.5370784,140.6093125,6
1198082803,36.5395412,140.612068,6
1198082804,36.5311726,140.6168563,6
1198082808,36.5366902,140.6148259,8
1198082809,36.5371894,140.6110614,6
1198082810,36.5313396,140.6130618,6
1198082813,36.5366172,140.6118108,6
1198082816,36.5295915,140.6087341,6
1198082818,36.5392646,140.610541,6
1198082823,36.5393014,140.6078124,6
1198082828,36.5389425,140.6061811,6
1198082830,36.5388304,140.6076546,6
1198082833,36.5397395,140.6065641,6
1198082835,36.5388882,140.6120784,8
1198082836,36.5308241,140.610959,8
1198082837,36.5317549,140.6098383,6
1198082838,36.5398184,140.6115326,6
1198082839,36.5300632,140.6143629,6
1198082842,36.540844,140.6091887,6
1198082843,36.5377667,140.6113987,8
1198082845,36.5285402,140.6099998,2
1198082848,36.5312587,140.6109084,6
1198082867,36.5369965,140.610987,6
1198082880,36.5312433,140.6163064,6
1198082883,36.5380509,140.6067172,8
1198082886,36.5410252,140.609536,6
1198082889,36.5414587,140.6076043,6
1198082898,36.5352088,140.6099755,8
1198082899,36.5296777,140.6103629,6
1198082902,36.5304985,140.6107948,8
1198082904,36.5403432,140.6110978,8
1198082908,36.5339754,140.6097368,6
1198082910,36.5351152,140.6116219,6
1198082911,36.5302454,140.6182412,6
1198082913,36.5371806,140.6132583,6
1198082915,36.5308391,140.6098431,6
1198082917,36.5395827,140.6075911,6
1198082919,36.5395311,140.6103086,6
1198082920,36.5355439,140.6099363,8
1198082924,36.5392151,140.6131068,6
1198082926,36.5394676,140.6068264,6
1198082928,36.5369536,140.6116823,6
1198082929,36.5385659,140.6078884,8
1198082935,36.535108,140.6088348,6
1198082941,36.5367817,140.6114243,6
1198082946,36.5353637,140.6119754,8
1198082955,36.5397895,140.610091,8
1198082961,36.5324688,140.6080236,6
1198082962,36.5385744,140.6107302,8
1198082966,36.5428973,140.6087718,6
1198082970,36.5310598,140.6125663,6
1198082974,36.528641,140.609888,6
1198082983,36.5315836,140.6110859,6
1198082986,36.5416259,140.6084582,6
1198082989,36.5394702,140.6088186,8
1198082993,36.5324997,140.6084039,8
1198083001,36.5378625,140.6101912,6
1198083004,36.5392264,140.612073,8
1198083013,36.5411309,140.6104334,8
1198083024,36.5316776,140.6088848,6
1198083029,36.5353425,140.6115964,8
1198083034,36.5298763,140.6091409,8
1198083039,36.5368828,140.6104646,6
1198083059,36.5400571,140.609854,6
1198083075,36.5372715,140.6091124,8
1198083079,36.5401537,140.6107723,8
1198083084,36.5352883,140.6109433,8
1198083099,36.537784,140.6130031,6
1198083112,36.5336793,140.6120233,6
1198083135,36.5394409,140.61086,8
1198083157,36.5355113,140.6095605,6
1198083162,36.5378011,140.6086184,8
1198083172,36.5361394,140.6096197,6
1198083177,36.537597,140.610418,6
1198083191,36.5383127,140.6081284,6
1198083205,36.5400456,140.6071714,8
1198083220,36.531094,140.6113739,6
1198083226,36.5375013,140.6116172,6
1198083232,36.5388391,140.6104907,6
1198083233,36.53507,140.6084493,6
1198083236,36.5337685,140.6116538,6
1198083245,36.5306059,140.6134812,6
1198083255,36.5293771,140.6147423,6
1198083262,36.5339185,140.6082291,6
1198083290,36.5405907,140.6075009,6
1198083295,36.5367995,140.6120339,6
1198083300,36.5392092,140.6090378,8
1198083310,36.5377983,140.6107686,6
1198083312,36.5403114,140.6096407,6
1198083324,36.5355428,140.611567,6
1198083337,36.5409547,140.6101042,8
1198083349,36.5346098,140.6081194,6
1198083382,36.5307461,140.6123919,6
1198083385,36.5399234,140.6063705,2
1198083391,36.539972,140.6104327,8
1198083398,36.5351397,140.6092169,6
1198083401,36.5413943,140.6079989,8
1198083404,36.5346846,140.6096602,6
1198083428,36.5316594,140.608505,8
1198083444,36.5380595,140.6083678,6
1198083465,36.5356003,140.6106397,6
1198083483,36.530372,140.6143678,6
1198083531,36.5369301,140.6107341,6
1198083533,36.5380264,140.6111827,8
1198083544,36.5414558,140.6089714,8
1198083553,36.5365671,140.6140151,8
1198083587,36.537952,140.6078395,6
1198083598,36.5362827,140.6140918,6
1198083656,36.5407748,140.6097646,6
1198083657,36.5364771,140.6089238,6
1198083674,36.5325919,140.6095481,8
1198083681,36.529359,140.6106821,6
1198083708,36.5372054,140.6102667,6
1198083754,36.5358525,140.6098253,6
1198083755,36.530459,140.6132718,6
1198083767,36.5350395,140.6080771,6
1198083773,36.5297278,140.6145966,6
1198083783,36.5366268,140.6092936,8
1198083802,36.538547,140.6120773,8
1198083841,36.5344992,140.6120972,8
1198083843,36.5396438,140.6112135,8
1198083866,36.5399991,140.6083681,8
1198083867,36.5365533,140.6105103,6
1198094414,36.5382574,140.6189911,6
1198094416,36.536116,140.6156347,8
1198094423,36.5348199,140.6199944,6
1198094426,36.5380635,140.614904,6
1198094438,36.5363283,140.6196089,6
1198094448,36.5346222,140.6174909,6
1198094451,36.5350165,140.6142635,6
1198094454,36.5357946,140.6203728,6
1198094463,36.539217,140.6151191,6
1198094469,36.5328744,140.6126966,6
1198094474,36.5345594,140.6154669,6
1198094479,36.5341604,140.6124239,6
1198094486,36.5350711,140.6194798,6
1198094492,36.5374934,140.6150463,6
1198094504,36.5339171,140.6127507,8
1198094530,36.5376618,140.6174522,6
1198094536,36.5359613,140.6159272,6
1198094552,36.5371857,140.6152728,6
1198094566,36.5359251,140.6146187,8
1198094580,36.5340454,140.6134068,8
1198094595,36.5358592,140.6142151,8
1198094603,36.5368427,140.6196094,6
1198094633,36.5361762,140.6167351,6
1198094640,36.5373018,140.6142464,6
1198094641,36.5375996,140.6210651,6
1198094648,36.5334373,140.6138498,2
1198094653,36.5336592,140.6130546,6
1198094654,36.5364773,140.6160894,6
1198094668,36.5382854,140.6161977,8
1198094669,36.5345366,140.6127573,6
1198094670,36.5384921,140.6174508,6
1198094692,36.5354366,140.6147546,6
1198094715,36.5344227,140.6163164,6
1198094725,36.5336707,140.6147574,6
1198094729,36.5383896,140.6149416,8
1198094739,36.5377679,140.6160694,6
1198094750,36.5377745,140.620022,8
1198094761,36.5352608,140.6187358,6
1198094767,36.5339557,140.6160624,6
1198094772,36.5353971,140.6132878,6
1198094776,36.5348396,140.6139048,6
1198094780,36.5366457,140.6151383,6
1198094783,36.5377773,140.6184164,6
1198094788,36.5361171,140.616877,6
1198094828,36.5378923,140.6148792,6
1198094850,36.5371959,140.6163684,6
1198094882,36.5388322,140.6171154,6
1198094886,36.5359691,140.6180605,6
1198094977,36.5328848,140.6129928,6
1198094987,36.5355285,140.6151597,6
1198094988,36.5376125,140.6163286,6
1198095000,36.5386202,140.6143297,2
1198095012,36.5369625,140.6155335,8
1198095068,36.5341118,140.6169316,6
1198095074,36.5338825,140.6165034,6
1198095091,36.5359628,140.617145,6
1198095094,36.5351088,140.613609,6
1198095095,36.5339077,140.6137989,6
1198095107,36.5328728,140.6122526,6
1198095108,36.5344725,140.6150228,6
1198095110,36.5327584,140.6138838,6
1198095114,36.5364251,140.6166545,6
1198095122,36.5344589,140.618976,6
1198095132,36.5357407,140.6136265,6
1198095133,36.5371997,140.6170446,6
1198095135,36.535383,140.6145587,6
1198095139,36.5333827,140.615719,6
1198095143,36.5363964,140.6195,6
1198095147,36.5342939,140.6130813,8
1198095148,36.5374001,140.6149871,6
1198095151,36.5361373,140.6188871,8
1198095159,36.5380283,140.6167328,6
1198150446,36.5298968,140.619966,8
1198150459,36.537248,140.6278552,6
1198150469,36.5396598,140.6246966,6
1198150473,36.5407011,140.6170462,8
1198150478,36.5299657,140.6208657,6
1198150496,36.5385895,140.6280248,6
1198150504,36.5401796,140.6283354,6
1198150522,36.5397322,140.6240904,8
1198150527,36.5374404,140.6268885,6
1198150543,36.5364912,140.6269181,8
1198150550,36.5413054,140.6245178,8
1198150561,36.5396519,140.6218532,6
1198150597,36.5325885,140.6182438,6
1198150602,36.5390815,140.6199626,6
1198150608,36.5317782,140.6166201,6
1198150610,36.5375814,140.6237236,6
1198150648,36.5287562,140.6194597,6
1198150653,36.5307157,140.6201217,6
1198150665,36.5359003,140.6221037,6
1198150674,36.5408754,140.615311,6
1198150676,36.5299326,140.6211241,6
1198150695,36.538379,140.6213671,6
1198150704,36.5410392,140.6253407,8
1198150713,36.538246,140.6243394,6
1198150724,36.5378125,140.6268125,6
1198150727,36.5363252,140.6257387,6
1198150752,36.5362052,140.6239205,6
1198150757,36.5386551,140.6270786,6
1198150774,36.5402105,140.6182926,6
1198150777,36.5363609,140.626878,6
1198150779,36.5321686,140.6153482,2
1198150781,36.5386253,140.621455,6
1198150787,36.531752,140.6169613,6
1198150789,36.5307347,140.6208105,6
1198150796,36.5404993,140.6270752,6
1198150824,36.5380599,140.6192342,6
1198150835,36.5384178,140.6292026,8
1198150852,36.5379927,140.6267795,8
1198150856,36.5404977,140.6190743,6
1198150893,36.5357414,140.622459,6
1198150900,36.5384176,140.6255618,8
1198150904,36.5358289,140.6239433,6
1198150905,36.5392166,140.6197285,6
1198150907,36.5364173,140.6263911,6
1198150916,36.5375519,140.6277858,8
1198150922,36.5374815,140.6272457,6
1198150933,36.5408331,140.6200063,6
1198150954,36.5387154,140.6271213,6
1198150959,36.5372739,140.6193317,6
1198150967,36.5385902,140.6266596,6
1198150979,36.5376449,140.6241814,6
1198150984,36.540162,140.6260653,8
1198150994,36.537172,140.6197393,6
1198151003,36.5417203,140.6228153,8
1198151020,36.5371648,140.626911,6
1198151021,36.5408731,140.614817,10
1198151024,36.5301836,140.6182188,6
1198151054,36.5405274,140.6243022,6
1198151066,36.5355074,140.6265249,6
1198151070,36.5401129,140.618215,6
1198151095,36.5328426,140.618201,6
1198151097,36.5391041,140.6295601,8
1198151109,36.5393547,140.6274348,8
1198151119,36.5354374,140.6233339,6
1198151125,36.528672,140.6199824,6
1198151132,36.5340802,140.6213935,6
1198151153,36.5381437,140.6279187,6
1198151161,36.5364808,140.6284133,6
1198151164,36.5404606,140.6187754,8
1198151169,36.5368299,140.6269368,8
1198151174,36.538994,140.6172701,6
1198151182,36.5396301,140.6249508,6
1198151198,36.5403548,140.6251508,8
1198151236,36.5399679,140.6208141,8
1198151248,36.5298783,140.6194211,6
1198151257,36.5379935,140.6224911,6
1198151266,36.5324061,140.6190719,6
1198151268,36.5407706,140.6262384,8
1198151304,36.5389082,140.6203999,6
1198151309,36.532798,140.6171792,2
1198167500,36.5490645,140.6098369,8
1198167503,36.5487344,140.6100285,8
1198167509,36.5434688,140.6153384,8
1198167518,36.5472727,140.6108941,6
1198167529,36.5489955,140.612867,6
1198167543,36.5422111,140.6131987,6
1198167546,36.5482114,140.6086777,6
1198167641,36.5474399,140.6086423,8
1198167702,36.5432561,140.6201099,6
1198167731,36.548612,140.6079985,6
1198167735,36.5432452,140.6184589,6
1198167769,36.547504,140.6081091,6
1198167786,36.5469961,140.6110577,6
1198167791,36.5454235,140.6098199,6
1198167795,36.5489029,140.6107193,6
1198167851,36.5459885,140.6185915,6
1198167866,36.5397153,140.619014,8
1198167874,36.5400346,140.6167314,6
1198167882,36.5482087,140.6076862,6
1198167907,36.5492803,140.6105886,6
1198167913,36.5437387,140.6170821,6
1198167943,36.5433978,140.6185947,6
1198167952,36.5489785,140.6161123,6
1198167956,36.5422714,140.6145767,6
1198167971,36.5478889,140.6088727,6
1198168010,36.5430759,140.6169754,6
1198168016,36.5480993,140.6120786,8
1198168024,36.5461835,140.6098651,6
1198168041,36.5492034,140.610235,6
1198168045,36.5451369,140.6156919,8
1198168048,36.5468384,140.6106594,6
1198168050,36.5429697,140.6183258,6
1198168058,36.5500818,140.6096924,6
1198168065,36.5461944,140.6127208,6
1198168076,36.5493921,140.610121,6
1198168081,36.5423385,140.6179,6
1198168118,36.5434094,140.6170378,8
1198168124,36.5454453,140.6107911,6
1198168131,36.5478464,140.6210767,6
1198168167,36.5489064,140.6094204,6
1198168172,36.5471151,140.6104943,6
1198168180,36.5464117,140.6113993,8
1198168186,36.547525,140.612427,6
1198168193,36.5483696,140.6080551,8
1198168199,36.547835,140.6105626,8
1198168205,36.5464593,140.6130789,6
1198168224,36.5476616,140.6178227,6
1198168244,36.5424593,140.6150264,6
1198168252,36.5407604,140.6182441,2
1198168264,36.5496502,140.6133348,2
1198168273,36.5473948,140.610329,6
1198168284,36.5420267,140.616375,6
1198168295,36.5489549,140.6187376,2
1198168305,36.5485752,140.609621,6
1198168312,36.5480688,140.6073076,6
1198168335,36.5424031,140.6112968,6
1198168375,36.5492211,140.6135734,6
1198168389,36.5494772,140.6090722,6
1198168391,36.5476787,140.6127993,6
1198168397,36.5482377,140.6196013,6
1198168427,36.549182,140.6082901,6
1198168430,36.5421443,140.6171159,6
1198168446,36.5449864,140.6157391,6
1198168481,36.545331,140.6189571,6
1198168495,36.5491883,140.6092519,6
1198168506,36.5464645,140.6097015,6
1198168520,36.5422376,140.6219603,6
1198168537,36.5498195,140.616107,6
1198168550,36.5467803,140.6123672,8
1198168562,36.547631,140.6118304,6
1198168570,36.5499932,140.6218609,6
1198168576,36.5479042,140.6116807,6
1198168579,36.5476001,140.6090419,6
1198168587,36.5417771,140.6147833,6
1198168636,36.5475481,140.6107398,6
1198168641,36.5485917,140.621376,8
1198168643,36.5483707,140.6127272,6
1198168654,36.5483037,140.6180175,6
1198168673,36.5479519,140.6099859,6
1198168700,36.5499363,140.6160183,2
1198168717,36.5467093,140.6112215,8
1198168727,36.5487236,140.608017,6
1198168740,36.5464988,140.6195134,8
1198168744,36.5470933,140.612174,6
1198168760,36.5467426,140.6095366,6
1198168766,36.5458167,140.6117534,6
1198168775,36.5478432,140.613216,6
1198168780,36.5472595,140.6185198,8
1198168785,36.5473543,140.61201,6
1198168829,36.5504313,140.6209397,6
1198168833,36.5464769,140.6125533,6
1198168835,36.547194,140.6232224,8
1198168838,36.5460344,140.6094794,6
1198168853,36.5470198,140.6093683,6
1198168870,36.5465593,140.6108283,6
1198168883,36.5489119,140.6195319,6
1198168919,36.5452092,140.6147286,8
1198168944,36.5460413,140.610445,8
1198168956,36.542822,140.614952,6
1198168962,36.5461039,140.6115832,8
1198168982,36.5482529,140.6098117,6
1198168990,36.5463407,140.6102666,6
1198168994,36.5505214,140.6154632,6
1198169000,36.5482151,140.6233363,6
1198169027,36.5457043,140.6200789,6
1198169030,36.5497444,140.6185935,2
1198169033,36.5473003,140.6091961,6
1198169034,36.543764,140.6184295,6
1198169054,36.5472776,140.6082464,6
1198169075,36.5499398,140.6093161,6
1198169086,36.5476718,140.6101608,8
1198169128,36.5457316,140.6106241,8
1198169174,36.5479885,140.6109457,6
1198169185,36.5497743,140.6088954,6
1198169187,36.5469376,140.60894,6
1198720865,36.530182,140.6217206,6
1198720887,36.532069,140.618944,6
1198720947,36.5287515,140.6194863,6
1198720998,36.5292369,140.6188082,8
1198721043,36.5291816,140.6190481,2
1198721117,36.5283673,140.6232587,8
1198721136,36.5287212,140.6176993,6
1198721212,36.528133,140.6185705,2
1198721248,36.5281361,140.6223503,6
1198721326,36.528545,140.6176505,6
1198721354,36.5288898,140.6225399,8
1198721364,36.5295992,140.6219278,6
<<<<<<< HEAD
1198721425,36.5282054,140.6233649,6
=======
1198721425,36.5282054,140.6233649,4
>>>>>>> 1e61a47e6e88ab5851de5706f3a1665c927f06cf
1198721439,36.5318364,140.6197307,6
1198721517,36.5306704,140.6213766,6
1198721528,36.5315901,140.6208796,6
1198721598,36.5290535,140.6208692,2
1198721700,36.5285244,140.6185684,6
1198721766,36.5310656,140.6207274,2
1198721814,36.5294091,140.6179217,6
1198815463,36.5305483,140.6223859,6
1198815504,36.5323063,140.6231171,8
1198815522,36.5341901,140.626845,6
1198815549,36.5290322,140.6267732,2
1198815572,36.5288068,140.6241957,6
1198815577,36.5330252,140.6266827,6
<<<<<<< HEAD
1198815587,36.527879,140.6320946,6
=======
>>>>>>> 1e61a47e6e88ab5851de5706f3a1665c927f06cf
1198815600,36.5297429,140.6241906,2
1198815626,36.5281606,140.6243058,4
1198815652,36.5321699,140.6240339,8
1198815685,36.5302166,140.6237364,6
1198815727,36.532038,140.6281594,2
<<<<<<< HEAD
1198815751,36.5279879,140.6340437,2
1198815771,36.5325381,140.6286219,6
1198815979,36.5320479,140.6253715,8
1198815984,36.528505,140.6270921,6
1198815988,36.5278362,140.6286637,6
=======
1198815771,36.5325381,140.6286219,6
1198815979,36.5320479,140.6253715,8
1198815984,36.528505,140.6270921,6
>>>>>>> 1e61a47e6e88ab5851de5706f3a1665c927f06cf
1198816026,36.5310768,140.6241477,8
1198816036,36.5327595,140.6242288,6
1198816049,36.5341955,140.6260073,6
1198816051,36.5294568,140.6251019,6
1198816055,36.5289602,140.6256422,6
<<<<<<< HEAD
1198816168,36.5279927,140.6267136,2
1198816317,36.5282792,140.6297597,4
1198816328,36.5339017,140.6251102,6
1198816378,36.5286236,140.6252027,2
1198816438,36.5279275,140.6282949,6
=======
1198816317,36.5282792,140.6297597,2
1198816328,36.5339017,140.6251102,6
1198816378,36.5286236,140.6252027,2
>>>>>>> 1e61a47e6e88ab5851de5706f3a1665c927f06cf
1198816458,36.5298356,140.6289193,6
1198816462,36.5286937,140.630755,6
1198816465,36.5327119,140.6251452,8
1198816472,36.5336491,140.6226051,2
1198816487,36.5293664,140.6300497,6
1198816491,36.5317741,140.6275371,6
1198816523,36.5334511,140.6229535,6
1198816644,36.5327733,140.6253207,6
1198816737,36.5319964,140.6267808,6
<<<<<<< HEAD
1198816751,36.5279607,140.629559,2
1198816877,36.5293634,140.6220264,6
1198816938,36.530932,140.627824,8
1198816971,36.5283321,140.6310397,6
=======
1198816877,36.5293634,140.6220264,6
1198816938,36.530932,140.627824,8
1198816971,36.5283321,140.6310397,4
>>>>>>> 1e61a47e6e88ab5851de5706f3a1665c927f06cf
1198817048,36.5303116,140.6282492,6
1198817070,36.5289988,140.6288227,6
1198817148,36.5294481,140.6242487,6
1198817174,36.5324041,140.6298401,6
1198817223,36.5315011,140.6219001,6
1198817311,36.5285376,140.6315073,6
1198817326,36.532134,140.6220944,6
1198817340,36.5312102,140.6277892,8
1198817386,36.5322034,140.6268223,6
1198817398,36.5330458,140.6237553,6
1198817399,36.5286228,140.6233622,2
1198817411,36.5305456,140.6297165,6
1198817419,36.5306513,140.6278685,6
1198817437,36.5315895,140.6247255,6
1198817448,36.5320306,140.6232108,8
1198817464,36.5332381,140.6257815,6
1198817474,36.5315449,140.6320268,6
1198817483,36.5292697,140.6251118,6
1198817490,36.5332596,140.6239999,6
<<<<<<< HEAD
1198817501,36.5277172,140.6329157,4
=======
>>>>>>> 1e61a47e6e88ab5851de5706f3a1665c927f06cf
1198817519,36.5284138,140.6240866,8
1198817569,36.5311014,140.6265727,6
1198817582,36.5301122,140.6231406,6
1198817592,36.5325275,140.6265593,6
1198817607,36.5293689,140.6233901,6
<<<<<<< HEAD
1198817614,36.5276856,140.6262666,2
1198817637,36.5325889,140.6230249,8
1198817670,36.528706,140.6239573,6
1198817696,36.5290077,140.6251875,6
1198817718,36.5277205,140.629024,4
=======
1198817637,36.5325889,140.6230249,8
1198817670,36.528706,140.6239573,6
1198817696,36.5290077,140.6251875,6
>>>>>>> 1e61a47e6e88ab5851de5706f3a1665c927f06cf
1198817733,36.528246,140.624211,6
1198817812,36.5327525,140.6239834,6
1198817822,36.5297169,140.6310678,6
1198817857,36.5314967,140.6277396,8
<<<<<<< HEAD
1198817867,36.5280908,140.6259487,6
=======
1198817867,36.5280908,140.6259487,2
>>>>>>> 1e61a47e6e88ab5851de5706f3a1665c927f06cf
1198817933,36.5287312,140.6286202,2
1198817952,36.5326654,140.6233929,6
1198817988,36.5322323,140.6271776,2
1198818083,36.5319071,140.6284447,2
1198818090,36.5283815,140.6322452,6
1198818132,36.5318876,140.6240647,8
1198818138,36.5321522,140.6249731,8
1198818154,36.531025,140.6238838,6
1198818212,36.5293663,140.6236744,6
1198818234,36.53075,140.6228243,6
1198818242,36.5325226,140.6285119,6
1198818376,36.5335674,140.6243064,6
1198818381,36.5321195,140.6274796,8
1198818397,36.5288877,140.6243511,2
1198818408,36.5287401,140.6304132,6
1198818426,36.5305734,140.6266917,6
1198818456,36.5319486,140.6265001,6
1198818489,36.5349649,140.6275843,6
1198818538,36.5316702,140.6265339,8
1198818615,36.5288818,140.6323669,2
1198818646,36.5289079,140.6245871,2
1198818672,36.5349666,140.6259989,2
1198818687,36.5320059,140.6256567,6
1198818716,36.5327638,140.6246699,6
1198818737,36.52945,140.6252151,8
1198818796,36.5324526,140.6221809,6
1198818800,36.5300844,140.6286002,8
1198818813,36.5316807,140.625607,6
1198818836,36.5286074,140.6257489,6
1198818921,36.5303837,140.6246326,6
1198818936,36.5328487,140.6254968,6
1198818955,36.5286889,140.623799,6
1198819029,36.5340328,140.6247279,6
1198819127,36.5324297,140.6250907,6
1198819152,36.5308222,140.6265921,6
1198819268,36.5324703,140.6239993,8
1198819324,36.5294919,140.6271843,6
1198819375,36.5318691,140.6248584,6
1198819408,36.5295829,140.6306167,6
1198819418,36.5317442,140.6232897,8
1198819487,36.5294147,140.6239557,6
1198819503,36.5330965,140.6264927,6
1198819520,36.5320561,140.6272457,8
1198819556,36.5314688,140.6232434,6
1198819564,36.5318092,140.6219936,6
<<<<<<< HEAD
1198819599,36.5276628,140.6239042,2
=======
>>>>>>> 1e61a47e6e88ab5851de5706f3a1665c927f06cf
1198819692,36.5310166,140.6288047,6
1198819782,36.5342238,140.6240773,6
1198819788,36.5307027,140.6284456,6
1198819869,36.529437,140.6241492,6
1198819884,36.5295192,140.6310496,6
1198819899,36.5315003,140.6233884,6
1198819932,36.5342053,140.6252953,2
<<<<<<< HEAD
1198819976,36.5279645,140.6313527,6
1198820003,36.5337082,140.6254116,6
1198820019,36.5307475,140.6288915,6
1198820037,36.5277746,140.6261871,6
1198820071,36.5316117,140.6240945,8
1198820104,36.5330885,140.6223665,6
1198820126,36.5312946,140.62856,6
1198820182,36.5281874,140.6252224,6
=======
1198820003,36.5337082,140.6254116,6
1198820019,36.5307475,140.6288915,6
1198820071,36.5316117,140.6240945,8
1198820104,36.5330885,140.6223665,6
1198820126,36.5312946,140.62856,6
1198820182,36.5281874,140.6252224,4
>>>>>>> 1e61a47e6e88ab5851de5706f3a1665c927f06cf
1198840694,36.5396729,140.6310152,6
1198840698,36.5336956,140.6326084,6
1198840704,36.5309985,140.6314472,6
1198840708,36.5327444,140.6316197,6
1198840716,36.5357109,140.6301416,6
1198840723,36.5329987,140.6332985,6
1198840729,36.5324833,140.6315256,6
1198840750,36.5387043,140.6329212,8
1198840790,36.5354437,140.6307291,6
1198840818,36.5395941,140.6327088,6
1198840827,36.5406476,140.6313005,6
1198840837,36.5370199,140.6297231,6
1198840845,36.5317868,140.6326583,6
1198840850,36.5331916,140.630754,6
1198840853,36.538315,140.6313934,6
1198840859,36.5372028,140.6305158,6
1198840864,36.5397639,140.6322448,6
1198840881,36.5371332,140.6305566,8
1198840895,36.5328555,140.6310111,6
1198840901,36.5388669,140.6317883,8
1198840904,36.5399647,140.6323947,6
1198840916,36.5362134,140.6304223,6
1198840922,36.5365736,140.6310504,8
1198840927,36.5344591,140.6315033,6
1198840941,36.5317438,140.6311982,6
1198840942,36.5325566,140.6327884,2
1198840947,36.5308883,140.6317149,6
1198840960,36.5312286,140.635974,6
1198840966,36.5333888,140.6323881,2
1198840972,36.5377473,140.6324295,8
1198840986,36.5331647,140.6293799,2
1198840993,36.5313162,140.6307437,6
1198840994,36.5404461,140.6310641,2
1198840997,36.5329372,140.6333985,6
1198841008,36.5328305,140.6329534,2
1198841010,36.5327331,140.6299761,8
1198841026,36.5351216,140.6300896,6
1198841027,36.531376,140.6324091,6
1198841059,36.5398196,140.6328172,2
1198841064,36.5360133,140.6302836,6
1198841068,36.5369678,140.6293639,6
1198841086,36.5331678,140.6317603,6
1198841087,36.5364478,140.6301591,6
1198841094,36.5407002,140.6329145,6
1198841096,36.5398205,140.6319087,6
1198841098,36.5321585,140.6328923,8
1198841101,36.5357967,140.6293223,6
1198841104,36.5331689,140.6310929,6
1198841105,36.5400946,140.6320575,2
1198841107,36.5396971,140.6321678,6
1198841109,36.5359047,140.6308976,6
1198841115,36.5362619,140.630485,6
1198841128,36.5329096,140.6316861,6
1198841154,36.5378524,140.6321908,6
1198841155,36.5334355,140.6328424,6
1198841156,36.5302317,140.6312124,6
1198841158,36.537571,140.6296053,6
1198841169,36.5356324,140.6296124,6
1198841171,36.5309787,140.6305767,2
1198841186,36.5377388,140.6308905,6
1198841196,36.5342328,140.6333121,6
1198841201,36.5332282,140.6303678,2
1198841203,36.5300797,140.6356073,6
1198841208,36.53411,140.6321907,6
1198841215,36.5354828,140.6301376,6
1198841234,36.5361893,140.6317783,6
1198841238,36.5394268,140.6320365,8
1198841250,36.5377327,140.6290861,6
1198841258,36.5339097,140.6339805,6
1198841260,36.5368812,140.6313679,6
1198841267,36.5318248,140.6309499,6
1198921641,36.5442562,140.6347108,6
1198921690,36.5474749,140.6315915,8
1198921743,36.5494682,140.6250227,6
1198921800,36.5452663,140.6375546,6
1198921864,36.5438797,140.6366486,6
1198921903,36.5422283,140.6329552,6
1198921934,36.5451354,140.6324071,6
1198922014,36.5511655,140.624848,8
1198922105,36.5464811,140.6261403,8
1198922143,36.5474313,140.6318943,6
1198922163,36.5441657,140.6421285,6
1198922182,36.5484007,140.6316273,2
1198922335,36.545905,140.6338557,8
1198922428,36.5432448,140.6332931,6
1198922471,36.5431114,140.6439734,6
1198922603,36.5402655,140.6278983,8
1198922653,36.5433366,140.633632,6
1198922838,36.5428557,140.6289977,6
1198922879,36.5470118,140.6339405,6
1198922928,36.5446537,140.6318886,2
1198923002,36.5468186,140.6321488,8
1198923022,36.5431432,140.6329651,8
1198923120,36.5417179,140.6369725,6
1198923149,36.5435155,140.6373414,8
1198923175,36.5465121,140.6327163,8
1198923192,36.5420002,140.6389898,6
1198923271,36.5429731,140.6268743,6
1198923287,36.544938,140.6433429,6
1198923303,36.5426204,140.6367736,8
1198923404,36.539827,140.627678,6
1198923525,36.5442144,140.6369785,6
1198923551,36.5452845,140.6350038,8
1198923576,36.5460043,140.6290339,6
1198923584,36.543406,140.6324392,6
1198923608,36.5481514,140.6332525,2
1198923644,36.5438277,140.6302647,6
1198923663,36.5415759,140.6390917,6
1198923732,36.5433653,140.6402499,6
1198923738,36.5430646,140.637056,8
1198923748,36.5441415,140.6350544,6
1198923766,36.5501594,140.6247758,6
1198923777,36.5447072,140.6254709,6
1198923839,36.5406563,140.6363024,6
1198923854,36.5431452,140.6380524,8
1198923873,36.5464704,140.6294833,6
1198923878,36.5438851,140.6427313,6
1198923907,36.5438647,140.6408539,6
1198923935,36.5466292,140.6296612,6
1198923975,36.5484592,140.6353634,2
1198923981,36.5442642,140.6429969,8
1198923993,36.5454482,140.632605,6
1198924005,36.5462048,140.6332824,8
1198924019,36.543527,140.6394992,6
1198924043,36.5456007,140.6257177,6
1198924064,36.5443922,140.6263647,8
1198924081,36.5475838,140.6327884,8
1198924098,36.5418612,140.6357286,8
1198924125,36.5446177,140.6389336,6
1198924147,36.5412899,140.6302837,8
1198924154,36.5464699,140.6351638,8
1198924171,36.545382,140.6260788,6
1198924202,36.5424049,140.6403835,6
1198924218,36.5468106,140.6417207,6
1198924273,36.5451046,140.6434509,6
1198924280,36.5470471,140.6317201,6
1198924283,36.5430303,140.6325911,6
1198924288,36.5427823,140.6356759,6
1198924296,36.5419482,140.6400271,6
1198924308,36.5475516,140.6290562,8
1198924317,36.5501008,140.6316731,8
1198924346,36.5434337,140.6362149,6
1198924450,36.5437079,140.6337413,6
1198924482,36.5459354,140.6363553,8
1198924546,36.5442582,140.6411168,8
1198924553,36.5424102,140.6376497,8
1198924576,36.5451828,140.6275211,8
1198924591,36.5423157,140.6379287,6
1198924598,36.5470436,140.6298335,8
1198924639,36.5427019,140.6362352,6
1198924680,36.5467391,140.6345441,6
1198924730,36.5472893,140.6333568,8
1198924788,36.5459523,140.6429711,6
1198924805,36.5419486,140.6246761,6
1198924810,36.5426885,140.6335442,6
1198924824,36.543513,140.6433522,8
1198924868,36.5454862,140.6383782,2
1198924885,36.5449812,140.6355768,8
1198924902,36.5424315,140.6407692,8
1198924916,36.5425316,140.6288045,6
1198924940,36.5461333,140.6323976,6
1198924950,36.5460116,140.6323951,6
1198924958,36.5427795,140.6268168,6
1198924960,36.5445439,140.6309693,6
1198924961,36.5432755,140.6260194,8
1198924989,36.5414073,140.6360385,6
1198924993,36.5426195,140.6342757,2
1198925013,36.547204,140.6420133,6
1198925021,36.5417989,140.6362612,6
1198925050,36.5476831,140.6305219,8
1198925064,36.5457194,140.6379766,2
1198925076,36.5424977,140.6422572,6
1198925100,36.5417072,140.6255467,8
1198925102,36.5442099,140.6306243,6
1198925136,36.5432196,140.6405571,6
1198925142,36.5461954,140.6357608,6
1198925148,36.5421686,140.6382965,2
1198925156,36.5455783,140.6296277,6
1198925165,36.5454173,140.6294981,6
1198925174,36.5444573,140.6422822,6
1198925178,36.544711,140.6353541,6
1198925187,36.5414773,140.6355022,6
1198925223,36.5430714,140.6408802,6
1198925228,36.5433594,140.6251116,8
1198925233,36.5480108,140.6295078,8
1198925298,36.5499375,140.6253103,6
1198925309,36.5442152,140.6284241,6
1198925315,36.5414524,140.6264335,8
1198925350,36.5460403,140.6259096,6
1198925354,36.5427422,140.6331404,6
1198925363,36.5436992,140.6395852,6
1198925381,36.5440927,140.6326005,6
1198925386,36.5442028,140.6349153,6
1198925401,36.5455389,140.6327411,6
1198925402,36.5457025,140.6230616,6
1198925416,36.5417023,140.6308842,8
1198925460,36.5426353,140.6288713,6
1198925474,36.5431209,140.640071,6
1198925541,36.5491559,140.6255359,2
1198925551,36.5424192,140.6257571,8
1198925559,36.545061,140.6418001,6
1198925571,36.5441132,140.6272081,8
1198925583,36.5426899,140.6327825,6
1198925603,36.5426519,140.6390634,6
1198925691,36.5408704,140.6285786,6
1198925754,36.5413444,140.6368345,6
1198925769,36.54229,140.6399437,8
1198925817,36.5421846,140.6285841,6
1198925840,36.5417766,140.6364712,6
1198925867,36.5437156,140.6357852,8
1198925885,36.544142,140.6397995,6
1198925896,36.540479,140.6352433,6
1198925938,36.5491921,140.6248253,8
1198925964,36.5492283,140.6354617,6
1198925972,36.5419393,140.6293825,6
1198925997,36.5450997,140.6265685,6
1198926023,36.5410207,140.6377428,2
1198926059,36.5455915,140.6381979,2
1198926069,36.547186,140.6294827,6
1198926130,36.5431387,140.6269245,6
1198926160,36.5427031,140.6294999,6
1198926164,36.5426075,140.6248734,8
1198926183,36.5444147,140.6340955,6
1198926185,36.5490783,140.6358,6
1198926205,36.5442999,140.6317188,8
1198926218,36.5447114,140.6273794,8
1198926237,36.5429672,140.6427783,8
1198926274,36.5430575,140.6259563,6
1198926329,36.5448844,140.641948,6
1198926350,36.5449192,140.6384906,6
1198926358,36.5496864,140.623496,8
1198926364,36.5416941,140.6372389,6
1198926373,36.544685,140.636127,6
1198926399,36.5424028,140.6287245,6
1198926405,36.5473117,140.6406566,6
1198926472,36.5451046,140.6417865,6
1198926482,36.5479455,140.6322726,8
1198926512,36.5431788,140.6346012,2
1198926555,36.543657,140.6329975,6
1198926560,36.5439094,140.638507,8
1198926567,36.5472694,140.6303926,6
1198926575,36.5421268,140.6294839,6
1198926583,36.54563,140.6369247,6
1198926610,36.5426805,140.6377814,6
1198926639,36.541935,140.6350543,6
1198926678,36.5506388,140.6310087,6
1198926680,36.5437276,140.6314087,6
1198926704,36.544053,140.6377529,8
1198926709,36.5430188,140.6277141,6
1198926716,36.5440695,140.6352179,6
1199382469,36.5594781,140.6288302,6
1199382471,36.5624834,140.626482,8
1199382472,36.563985,140.6295157,8
1199382473,36.5608042,140.6237514,8
1199382477,36.5563269,140.6308293,6
1199382478,36.5582189,140.6245279,8
1199382481,36.5587791,140.6336719,6
1199382483,36.5603483,140.6296883,8
1199382485,36.5594599,140.6232785,6
1199382489,36.5573905,140.6284107,8
1199382490,36.5599069,140.6235931,6
1199382493,36.5640731,140.624353,6
1199382495,36.5594492,140.6353473,6
1199382496,36.5624478,140.6275123,6
1199382498,36.5614875,140.6321784,8
1199382499,36.5610995,140.6301285,6
1199382505,36.5633426,140.6233467,6
1199382507,36.557033,140.6318357,8
1199382509,36.5575759,140.6316768,6
1199382510,36.5590133,140.6238845,6
1199382514,36.5569471,140.6289162,8
1199382520,36.5638241,140.6240881,2
1199382528,36.5586859,140.624994,6
1199382532,36.5616791,140.6283112,6
1199382541,36.5559107,140.63035,8
1199382553,36.5609174,140.6283614,6
1199382554,36.5628102,140.6239991,6
1199382555,36.5588896,140.6289196,6
1199382566,36.5589661,140.6316643,8
1199382576,36.562569,140.6286186,8
1199382578,36.5596717,140.6250045,6
1199382586,36.5565344,140.6305189,6
1199382588,36.556315,140.6200761,6
1199382592,36.5597095,140.6326799,6
1199382597,36.5554136,140.6243776,6
1199382603,36.5554828,140.6188858,6
1199382604,36.5606749,140.6310201,8
1199382605,36.5650699,140.6233658,6
1199382606,36.5599186,140.6339717,6
1199382607,36.5608204,140.6252748,6
1199382609,36.559392,140.6274003,6
1199382612,36.5613929,140.6339833,6
1199382614,36.5587516,140.6236387,8
1199382616,36.5579535,140.6274545,6
1199382619,36.5634686,140.6290526,6
1199382622,36.5633695,140.6244272,2
1199382623,36.5579807,140.6281972,8
1199382628,36.5599627,140.6253205,6
1199382629,36.5547688,140.6302625,6
1199382636,36.5595451,140.6302131,6
1199382641,36.5617398,140.6286722,6
1199382646,36.5560975,140.6287816,6
1199382653,36.5641779,140.6238226,6
1199382658,36.5590454,140.6306909,8
1199382661,36.5635038,140.6295471,8
1199382662,36.5612477,140.6224172,6
1199382663,36.5579578,140.6346238,8
1199382668,36.5624927,140.6280628,8
1199382669,36.557777,140.6310196,8
1199382673,36.5498566,140.6266651,6
1199382675,36.5560827,140.6299557,8
1199382676,36.5570539,140.6228666,8
1199382687,36.5598753,140.6306606,8
1199382701,36.5648168,140.6242564,6
1199382704,36.5599948,140.6246643,6
1199382708,36.559398,140.6283189,8
1199382709,36.5609898,140.6344395,6
1199382722,36.5602638,140.6210094,2
1199382723,36.5623127,140.6296247,6
1199382727,36.5609816,140.6249383,6
1199382728,36.5630016,140.6317333,6
1199382735,36.5592814,140.6242632,6
1199382738,36.5625018,140.627514,6
1199382739,36.5602224,140.6289131,6
1199382740,36.5627847,140.6225359,6
1199382748,36.5610466,140.6296627,8
1199382753,36.565064,140.6245658,8
1199382755,36.5616576,140.6323951,8
1199382756,36.5602206,140.6283257,8
1199382759,36.5567923,140.6302123,8
1199382761,36.5623859,140.6254972,8
1199382768,36.5590876,140.6239367,6
1199382770,36.5594895,140.6323828,6
1199382771,36.5573993,140.6314292,8
1199382772,36.5624227,140.6238116,6
1199382776,36.5558132,140.6200018,6
1199382783,36.5527737,140.6226432,2
1199382785,36.5552739,140.6179773,8
1199382786,36.5621941,140.6317931,6
1199382788,36.5650759,140.6252811,8
1199382791,36.5578714,140.6330475,8
1199382794,36.5608663,140.6332446,8
1199382803,36.5555919,140.6293458,6
1199382806,36.55551,140.6254289,6
1199382807,36.5583675,140.6323407,8
1199382809,36.5582135,140.6229823,8
1199382812,36.5611886,140.630749,6
1199382815,36.5630836,140.6232835,8
1199382824,36.5633895,140.6242601,6
1199382827,36.5620701,140.6232995,6
1199382838,36.5624533,140.6270766,6
1199382839,36.5642548,140.6236645,2
1199382843,36.5580043,140.6289266,6
1199382844,36.5564884,140.6201051,6
1199382845,36.5590499,140.6334115,6
1199382847,36.5604274,140.6326461,8
1199382851,36.5643111,140.6239778,8
1199382853,36.5605067,140.6347566,6
1199382856,36.5574404,140.6295767,8
1199382858,36.5624504,140.6260736,6
1199382860,36.5593983,140.6278416,6
1199382864,36.5594012,140.6243787,6
1199382865,36.5602558,140.6274283,6
1199382866,36.5618884,140.6296396,8
1199382870,36.5629448,140.6309789,6
1199382883,36.5584978,140.6340127,8
1199382884,36.5607045,140.6330281,6
1199382888,36.5555752,140.6249312,8
1199382891,36.5630101,140.6280756,6
1199382892,36.5610945,140.6271,8
1199382894,36.5590887,140.6348787,8
1199382898,36.5577495,140.6220485,8
1199382905,36.5593529,140.6312342,8
1199382908,36.5616819,140.6230424,8
1199382909,36.5557102,140.6201422,6
1199382910,36.563763,140.6228032,6
1199382913,36.5562972,140.6296206,8
1199382922,36.5581457,140.6327695,6
1199382926,36.5631175,140.6242393,6
1199382927,36.5589121,140.6262136,8
1199382930,36.5600229,140.6302083,6
1199382935,36.5557888,140.6188515,6
1199382936,36.56279,140.6233405,6
1199382938,36.5597104,140.6250656,6
1199382941,36.5602545,140.6278586,6
1199382943,36.5506207,140.6265876,6
1199382944,36.5629748,140.6311822,8
1199382945,36.5557018,140.630779,6
1199382946,36.5550343,140.6220927,8
1199382948,36.5593013,140.6331384,8
1199382952,36.5565324,140.6293763,8
1199382953,36.5599412,140.6224073,8
1199382954,36.5580674,140.6326576,6
1199382955,36.5563061,140.6236122,8
1199382956,36.558577,140.6321033,8
1199382961,36.5572233,140.6186237,2
1199382967,36.560374,140.6313353,6
1199382968,36.5641056,140.6247008,6
1199382977,36.5595034,140.6301602,6
1199382984,36.5639079,140.6275724,6
1199382985,36.563777,140.6219577,2
1199382986,36.5620842,140.6307832,6
1199382987,36.5604634,140.6337164,6
1199382989,36.5621707,140.6331275,8
1199382991,36.5560565,140.6232966,6
1199382997,36.5636084,140.6236776,6
1199383002,36.5572198,140.6311799,6
1199383007,36.55497,140.6292163,6
1199383017,36.5602461,140.6255485,6
1199383021,36.5640996,140.6227158,2
1199383023,36.5588689,140.6281708,6
1199383026,36.5592513,140.6264069,6
1199383029,36.5598274,140.6237924,6
1199383033,36.5612501,140.6283454,8
1199383034,36.5603719,140.6301666,8
1199383037,36.5534281,140.6229447,6
1199383042,36.5586223,140.6311825,6
1199383043,36.5565874,140.622724,2
1199383044,36.5612991,140.6260607,6
1199383047,36.5557533,140.6195618,6
1199383048,36.5603645,140.6242463,8
1199383050,36.5553029,140.6296678,8
1199383053,36.5493944,140.6273756,6
1199383054,36.5553935,140.6311309,6
1199383056,36.5558591,140.6229824,6
1199383057,36.5662878,140.6231568,6
1199383063,36.5570498,140.6300101,8
1199383069,36.5626486,140.6291197,8
1199383087,36.5578828,140.6290498,8
1199383088,36.5592535,140.6249433,2
1199383091,36.5598588,140.631953,8
1199383092,36.564827,140.624601,8
1206068761,36.5708119,140.6271362,8
1207857127,36.5904352,140.6536347,8
1207857129,36.5882391,140.6486087,6
1207857143,36.59089,140.6507701,8
1207857150,36.5908108,140.6527468,8
1207857159,36.5915175,140.6513034,8
1207857184,36.5865092,140.6481697,6
1207857195,36.5901502,140.6501421,8
1207857209,36.5902695,140.6543811,6
1211924244,36.5780004,140.6584801,6
1211924278,36.5779036,140.6588171,2
1213785176,36.6125536,140.6679445,8
1213956214,36.6024237,140.6547909,6
1213956245,36.5910659,140.6479904,6
1213956250,36.608336,140.6681852,6
1213956287,36.5971082,140.6523658,6
1213956289,36.5963786,140.6555792,8
1213956316,36.6003232,140.6629307,8
1213956318,36.6007357,140.6526415,8
1213956323,36.5958286,140.6571605,2
1213956328,36.6036342,140.659237,6
1213956330,36.5759119,140.6406722,6
1213956347,36.6080466,140.6690063,6
1213956373,36.5805583,140.656917,6
1213956395,36.5906656,140.649208,6
1213956407,36.6020419,140.6661565,6
1213956430,36.6047231,140.6580317,6
1213956434,36.5907452,140.6486752,6
1213956452,36.6063812,140.6676974,6
1213956457,36.5999525,140.6611853,8
1213956488,36.5891815,140.6524616,6
1213956505,36.6083887,140.6700785,6
1213956514,36.607907,140.6609467,6
1213956523,36.5940999,140.6503758,8
1213956525,36.5959437,140.6548282,6
1213956563,36.5926397,140.651031,6
1213956565,36.5846336,140.6613922,6
1213956594,36.5956622,140.6570608,6
1213956605,36.6087163,140.6698052,8
1213956622,36.5994273,140.6659678,8
1213956642,36.6094068,140.6747682,6
1213956646,36.5883964,140.6602716,6
1213956657,36.5912591,140.6568476,8
1213956670,36.6101526,140.67005,6
1213956676,36.6029081,140.6660403,8
1213956680,36.5950797,140.6568674,6
1213956698,36.5971462,140.6567892,8
1213956727,36.6032172,140.6620435,6
1213956731,36.6048714,140.6596508,6
1213956753,36.5948412,140.6516361,8
1213956811,36.5952506,140.6529097,8
1213956815,36.5934291,140.6475573,8
1213956821,36.6077925,140.6693411,8
1213956828,36.600401,140.6626899,6
1213956870,36.598298,140.6553862,8
1213956876,36.5961404,140.6548742,6
1213956881,36.6063922,140.6689295,8
1213956897,36.5897708,140.65051,6
1213956907,36.6025964,140.6667818,6
1213956926,36.5941899,140.6532914,8
1213956959,36.6005181,140.6641189,6
1213956962,36.5800087,140.6552572,6
1213956976,36.598608,140.6507919,6
1213956981,36.5963499,140.6544976,8
1213957023,36.6064317,140.6740527,8
1213957034,36.5916768,140.6572211,6
1213957061,36.6094589,140.6686959,6
1213957073,36.6022097,140.6656186,8
1213957103,36.5981488,140.6528017,6
1213957124,36.5886221,140.6525707,6
1213957132,36.5947087,140.6593157,8
1213957135,36.6009214,140.6597287,8
1213957144,36.5924657,140.6513886,8
1213957157,36.6006212,140.6591795,6
1213957186,36.5893861,140.6589794,6
1213957193,36.5897639,140.6531107,8
1213957213,36.6044764,140.6603287,6
1213957229,36.578823,140.6539303,6
1213957281,36.5886297,140.6596901,6
1213957306,36.5897137,140.6587944,6
1213957309,36.5912326,140.6518923,8
1213957310,36.5977616,140.6614026,8
1213957312,36.6033552,140.6649547,8
1213957314,36.5994059,140.6559684,6
1213957353,36.6062384,140.6683847,6
1213957359,36.5852692,140.6460808,6
1213957365,36.5929133,140.650469,6
1213957373,36.6068449,140.6724792,6
1213957390,36.599836,140.6652002,6
1213957423,36.6100482,140.669018,6
1213957430,36.5909072,140.6564692,6
1213957440,36.5925363,140.6617358,6
1213957447,36.5934993,140.6648455,6
1213957458,36.5886138,140.6617117,6
1213957478,36.6059675,140.6733741,6
1213957482,36.6010127,140.6629367,8
1213957489,36.5831814,140.6601992,6
1213957493,36.58874,140.6489363,8
1213957520,36.6039585,140.6655203,6
1213957522,36.5998058,140.6574583,6
1213957534,36.5871993,140.6603969,6
1213957539,36.5984824,140.6548035,6
1213957546,36.6050234,140.6701541,6
1213957549,36.5927194,140.6508674,6
1213957553,36.5892391,140.653542,6
1213957558,36.6012861,140.660122,8
1213957567,36.5750256,140.6409952,6
1213957582,36.6021437,140.6609677,8
1213957597,36.5976098,140.6540292,6
1213957601,36.6098576,140.6699032,6
1213957626,36.5829767,140.6427593,8
1213957628,36.5922111,140.6539066,8
1213957629,36.5726838,140.6389156,6
1213957639,36.5971581,140.6497755,8
1213957643,36.5994698,140.6523873,6
1213957656,36.605002,140.6671585,6
1213957660,36.6041553,140.662576,8
1213957719,36.5944144,140.6462592,8
1213957722,36.5894226,140.6508128,8
1213957726,36.6067541,140.6735595,6
1213957729,36.5885516,140.6611421,6
1213957744,36.5956348,140.6640449,6
1213957748,36.6066729,140.6722604,6
1213957756,36.5875073,140.6597943,8
1213957766,36.6089465,140.6769186,6
1213957771,36.5994207,140.6565184,6
1213957780,36.5876824,140.6617738,6
1213957782,36.5950501,140.6596355,8
1213957792,36.6040097,140.6589033,6
1213957794,36.6062623,140.6702286,6
1213957800,36.5920489,140.650355,8
1213957808,36.5974219,140.6516135,6
1213957831,36.5953068,140.6504288,8
1213957835,36.5961483,140.6553222,6
1213957838,36.6006001,140.6528102,8
1213957862,36.5979443,140.645676,6
1213957865,36.5893464,140.6522795,6
1213957869,36.5754231,140.6517629,6
1213957888,36.5842744,140.6450682,6
1213957893,36.5950739,140.6587006,6
1213957895,36.6004941,140.6603558,6
1213957898,36.6025473,140.6585755,6
1213957918,36.6055298,140.6732464,8
1213957932,36.6059846,140.6604722,6
1213957947,36.5938062,140.6507522,6
1213957951,36.5882038,140.6625457,6
1213957959,36.5940241,140.648163,8
1213957960,36.57463,140.6350242,8
1213957983,36.5993047,140.6456904,8
1213957990,36.6106815,140.6698335,6
1213958008,36.5983341,140.66808,8
1213958024,36.5745941,140.6488346,6
1213958049,36.5968927,140.663747,6
1213958055,36.5954361,140.6513375,6
1213958064,36.5929109,140.6567317,6
1213958083,36.6094162,140.6740199,8
1213958093,36.5934035,140.6613682,6
1213958117,36.6074525,140.6706395,8
1213958122,36.5892817,140.6585657,6
1213958127,36.5870993,140.6609783,8
1213958193,36.6094597,140.6706767,6
1213958222,36.5759409,140.6389755,6
1213958227,36.5994455,140.6638382,8
1213958232,36.6018819,140.6666541,6
1213958235,36.610264,140.676386,6
1213958240,36.597538,140.6543034,6
1213958246,36.6008797,140.6577482,8
1213958269,36.5914877,140.649892,8
1213958276,36.5948748,140.6537068,8
1213958281,36.5999458,140.6621566,6
1213958296,36.5944888,140.6521155,6
1213958317,36.5762263,140.6327843,6
1213958320,36.5913947,140.6606864,8
1213958342,36.590428,140.649618,6
1213958368,36.5931442,140.6548972,8
1213958382,36.6089372,140.6734954,8
1213958411,36.6049019,140.6627165,6
1213958416,36.5944618,140.6581754,6
1213958423,36.5986524,140.663364,8
1213958449,36.5979299,140.6678393,6
1213958454,36.5925673,140.6586474,6
1213958459,36.5980695,140.6543158,8
1213958465,36.597757,140.6551543,8
1213958469,36.588777,140.6587524,8
1213958484,36.5894018,140.651493,8
1213958502,36.5956446,140.6561564,6
1213958505,36.5744335,140.6510678,6
1213958506,36.5965888,140.6645347,6
1213958507,36.6024348,140.6586601,6
1213958511,36.5926234,140.6494244,8
1213958515,36.5979531,140.6526635,6
1213958532,36.5993661,140.6693337,8
1213958536,36.5938349,140.6556198,6
1213958557,36.6066406,140.6705078,8
1213958561,36.6047489,140.6662369,6
1213958565,36.5881287,140.6611462,6
1213958596,36.601305,140.6665282,6
1213958614,36.5895693,140.6580756,6
1213958615,36.576793,140.6378398,8
1213958620,36.5905523,140.6513054,8
1213958629,36.594608,140.6535628,8
1213958660,36.595459,140.6577375,6
1213958663,36.5937587,140.6529866,6
1213958672,36.609016,140.6752537,6
1213958681,36.5947894,140.646589,6
1213958688,36.6112761,140.6615214,6
1213958692,36.6027704,140.657055,6
1213958697,36.6063789,140.6657111,6
1213958718,36.6021241,140.6638118,6
1213958739,36.594345,140.6498234,8
1213958753,36.602316,140.6597397,6
1213958769,36.6003295,140.666342,6
1213958778,36.5819724,140.6419681,8
1213958781,36.5884255,140.6506619,6
1213958784,36.6110976,140.6700401,6
1213958808,36.5889366,140.6572457,8
1213958812,36.5933821,140.6515243,6
1213958816,36.5993411,140.6477488,8
1213958818,36.5762573,140.6405569,6
1213958832,36.5956567,140.6506405,6
1213958855,36.6076227,140.6726846,6
1213958858,36.6029064,140.6617069,6
1213958860,36.5926908,140.6623279,6
1213958862,36.5783363,140.6537144,6
1213958874,36.5970442,140.6649155,8
1213958899,36.6024239,140.6566317,6
1213958932,36.596787,140.6621275,6
1213958954,36.602863,140.6602154,8
1213959015,36.5989086,140.6533015,6
1213959027,36.605663,140.6587817,6
1213959056,36.5903731,140.6577777,6
1213959059,36.6026994,140.6643707,8
1213959088,36.5965518,140.6565286,6
1213959092,36.6013727,140.6584292,8
1213959104,36.5936633,140.6470138,6
1213959114,36.5899423,140.6526952,8
1213959118,36.5927525,140.6610305,6
1213959139,36.6036387,140.6571496,6
1213959158,36.5985077,140.6545817,8
1213959169,36.5889385,140.65939,6
1213959172,36.5910333,140.6522931,8
1213959174,36.6094649,140.6691689,8
1213959176,36.5985708,140.6564038,8
1213959235,36.5851229,140.6461029,6
1213959245,36.592042,140.6596253,6
1213959276,36.6096294,140.6697371,6
1213959299,36.5959475,140.6575305,6
1213959317,36.5814281,140.6578931,6
1213959330,36.598543,140.6530572,8
1213959351,36.5891106,140.6578972,8
1213959364,36.5931806,140.651924,6
1213959378,36.6109566,140.6774505,6
1213959385,36.6037002,140.6502916,6
1213959429,36.6047919,140.6597473,6
1213959433,36.5941265,140.6587703,6
1213959436,36.6047886,140.6603408,8
1213959452,36.5739997,140.6384821,6
1213959456,36.6038756,140.6567602,8
1213959464,36.5981615,140.6588033,6
1213959491,36.6058752,140.6721933,6
1213959496,36.5983087,140.6462022,6
1213959514,36.5895077,140.6537249,6
1213959515,36.6016066,140.6658632,6
1213959554,36.5778642,140.6535136,2
1213959557,36.6069829,140.6729837,6
1213959568,36.6083926,140.6765146,6
1213959576,36.6010949,140.6566095,6
1213959587,36.598378,140.6570966,6
1213959589,36.5799097,140.653499,6
1213959592,36.5953942,140.657189,6
1213959597,36.6098925,140.669383,8
1213959601,36.603652,140.65825,8
1213959607,36.582173,140.6569924,6
1213959612,36.5864071,140.6606913,6
1213959625,36.5980216,140.6644796,8
1213959628,36.6025114,140.6634419,6
1213959629,36.5924306,140.6621129,6
1213959660,36.6069668,140.6717134,6
1213959664,36.6066252,140.6744488,6
1213959670,36.6007987,140.6635219,6
1213959686,36.6089864,140.67026,6
1213959724,36.6018318,140.665359,6
1213959740,36.6081378,140.672663,6
1213959744,36.6003669,140.6570542,8
1213959755,36.6084456,140.6694372,6
1213959780,36.6043432,140.65734,6
1213959792,36.6039718,140.6550285,8
1213959814,36.5973556,140.6549825,6
1213959831,36.5884644,140.6502,6
1213959835,36.6010325,140.664872,6
1213959849,36.5912274,140.6503512,8
1213959854,36.6013229,140.6480204,6
1213959860,36.5995899,140.6617529,8
1213959879,36.5954808,140.6560219,6
1213959889,36.5764011,140.6410481,6
1213959904,36.6079976,140.6724653,6
1213959921,36.6046775,140.6627269,6
1213959929,36.5991708,140.6624104,8
1213959944,36.5878676,140.6630879,6
1213959954,36.6019698,140.6578335,8
1213959967,36.5894391,140.6592124,8
1213959973,36.5893308,140.6523412,6
1213959977,36.5970564,140.6541498,8
1213959987,36.5989196,140.6650528,8
1213960046,36.5936633,140.6509784,6
1213960047,36.5926993,140.6544194,8
1213960069,36.5881873,140.6609321,6
1213960074,36.5914645,140.6575445,6
1213960093,36.598672,140.6510308,6
1213960098,36.6082327,140.6614564,6
1213960149,36.6024434,140.6630434,8
1213960155,36.6050928,140.6663032,6
1213960171,36.5917828,140.6508285,8
1213960172,36.5924658,140.6533568,8
1213960180,36.5893032,140.6527787,6
1213960205,36.5948954,140.6566734,8
1213960207,36.5934616,140.6552313,8
1213960209,36.5993549,140.6547886,6
1213960220,36.5929264,140.6625396,6
1213960245,36.5944038,140.6520235,6
1213960251,36.6015521,140.6572663,8
1213960259,36.6080611,140.6474343,8
1213960285,36.5917852,140.6494293,8
1213960300,36.6082572,140.6685877,6
1213960377,36.5993107,140.6462959,6
1213960381,36.6029552,140.6646087,6
1213960404,36.6068861,140.6730596,6
1213960411,36.5727841,140.6350033,6
1213960416,36.590145,140.6522201,8
1213960426,36.5930492,140.6611831,6
1213960427,36.5823522,140.6464638,6
1213960454,36.5806227,140.6527642,6
1213960468,36.6075782,140.6696618,6
1213960476,36.5876726,140.6612187,6
1213960484,36.5975478,140.6516597,6
1213960487,36.6026864,140.6633015,6
1213960498,36.5958709,140.656351,6
1213960500,36.6032027,140.6597842,6
1213960501,36.6071406,140.6722492,6
1213960512,36.5987458,140.6496898,6
1213960516,36.5887364,140.6497274,6
1213960518,36.6065176,140.6694642,6
1213960523,36.5840445,140.6613457,8
1213960532,36.6001748,140.6582473,6
1213960547,36.5792764,140.6543934,8
1213960553,36.5923305,140.6585047,8
1213960560,36.6028679,140.6561815,6
1213960571,36.5960047,140.6562177,6
1213960577,36.5918337,140.6559043,8
1213960579,36.6059424,140.6671895,6
1213960590,36.5946798,140.6577319,8
1213960596,36.5837798,140.6409309,8
1213960597,36.591404,140.6554873,8
1213960618,36.6091252,140.6689424,8
1213960624,36.5976085,140.6652097,6
1213960638,36.6074667,140.6729487,6
1213960650,36.5921733,140.6596462,6
1213960671,36.5934865,140.6492916,8
1213960681,36.590049,140.6566393,8
1213960685,36.5910064,140.6483487,6
1213960688,36.5928555,140.6541395,6
1213960716,36.578966,140.6548004,6
1213960725,36.6027836,140.6591935,8
1213960742,36.5928761,140.6489146,8
1213960756,36.5886087,140.6581206,8
1213960759,36.5963928,140.6612734,6
1213960775,36.6100316,140.677406,6
1213960790,36.5764382,140.6411991,6
1213960798,36.614549,140.6624613,6
1213960807,36.6073772,140.6717536,6
1213960839,36.5988928,140.647844,6
1213960842,36.5969111,140.6528182,8
1213960848,36.6017885,140.6615543,6
1213960879,36.602423,140.6641203,6
1213960923,36.5903645,140.6517307,8
1213960924,36.5981099,140.6604749,8
1213960926,36.6018573,140.659096,8
1213960928,36.6075398,140.6730362,6
1213960952,36.6077137,140.6717925,6
1213960984,36.608773,140.6756704,6
1213960992,36.5761193,140.6324484,6
1213961004,36.5954898,140.6569396,6
1213961058,36.5822105,140.6447588,8
1213961107,36.5878308,140.659951,8
1213961110,36.608446,140.6730346,6
1213961115,36.5828451,140.6404021,6
1213961158,36.5884047,140.6593776,6
1213961170,36.5990154,140.6543334,6
1213961190,36.598824,140.6555976,8
1213961195,36.6086661,140.6706,6
1213961199,36.6010194,140.660854,8
1213961208,36.5950686,140.6511174,8
1213961238,36.5986434,140.6657103,6
1213961257,36.6006143,140.6657239,6
1213961289,36.5772423,140.641306,6
1213961299,36.6075021,140.6702282,6
1213961305,36.590402,140.6574772,8
1213961311,36.5973599,140.6624917,8
1213961366,36.6010972,140.6626502,6
1213961393,36.6063366,140.6700755,6
1213961405,36.596783,140.6664699,6
1213961408,36.5998161,140.6628966,6
1213961414,36.603059,140.6637243,6
1213961448,36.5988579,140.652156,8
1213961453,36.592903,140.6524563,8
1213961462,36.6031813,140.6558442,8
1213961469,36.6065707,140.6710838,6
1213961495,36.6102906,140.6695822,8
1213961501,36.6055128,140.6659819,8
1213961514,36.5930081,140.6538573,6
1213961519,36.5774618,140.636126,8
1213961546,36.6070515,140.6705745,6
1213961549,36.6003674,140.6644133,6
1213961553,36.5923173,140.649881,8
1213961599,36.5852708,140.661699,6
1213961610,36.5917501,140.6605712,6
1223175174,36.5650414,140.629348,6
1223175211,36.5659716,140.6297377,6
1223175212,36.5589332,140.6359537,6
1223175217,36.5657762,140.6289023,8
1223175218,36.5655184,140.6346272,2
1223175227,36.5625896,140.6351445,6
1223175248,36.5622637,140.6312488,6
1223175253,36.5653464,140.6291756,6
1223175256,36.5649546,140.6300807,6
1223175260,36.5672289,140.6299341,2
1223175263,36.5650112,140.6311576,6
1223175264,36.5650255,140.6346203,6
1223175265,36.5649897,140.62892,2
1223175282,36.5661371,140.6319034,8
1223175283,36.5642921,140.631859,6
1223175289,36.5655965,140.6300684,8
1223175299,36.5628706,140.6305222,6
1223175311,36.5628584,140.6304467,6
1223175322,36.566268,140.6305588,6
1223175324,36.5632906,140.6331048,6
1223175325,36.5636694,140.6336687,6
1223175329,36.563617,140.6317506,6
1223175332,36.5613327,140.6349036,6
1223175336,36.5665128,140.6330513,6
1223175337,36.5616619,140.6353694,6
1223175338,36.5659463,140.6297917,6
1223175339,36.563068,140.6354049,6
1223175348,36.5631772,140.6301137,2
1223175354,36.5656789,140.6304245,6
1223175355,36.5650279,140.6294278,6
1223175361,36.5663931,140.6308634,2
1223175365,36.5637739,140.6337328,6
1223175367,36.5660486,140.6338312,8
1223175375,36.5621003,140.6349075,6
1223175379,36.565421,140.6325969,8
1223175380,36.5609027,140.6343184,6
1223197028,36.6071198,140.666321,6
1223197034,36.6074942,140.6666888,6
1223197037,36.605286,140.6682353,6
1223197044,36.6038161,140.6637791,6
1223197048,36.60598,140.6643493,8
1223197053,36.6059004,140.6646189,6
1223197064,36.5981425,140.6689631,6
1223197066,36.6025803,140.6694835,8
1223197071,36.5979277,140.6680813,2
1223197075,36.599126,140.6661881,6
1223197076,36.5966407,140.6626634,6
1223197080,36.6056359,140.6654111,6
1223197096,36.6002915,140.6671607,2
1223197101,36.6060917,140.6670389,6
1223197104,36.606401,140.6648664,6
1223197106,36.6061276,140.6689293,6
1223197110,36.5982346,140.6693576,8
1223197115,36.6037066,140.6629946,6
1223197119,36.6040943,140.6649837,6
1223197128,36.6052608,140.6697334,6
1223197170,36.6067106,140.6700852,6
1223197174,36.6018927,140.6637842,6
1223197187,36.5983664,140.6665002,6
1223197200,36.5999441,140.6677199,6
1223197204,36.5989168,140.6705771,6
1223197210,36.6045758,140.6638398,6
1223197234,36.6069468,140.6661477,6
1223197241,36.6070851,140.6673014,6
1223197297,36.6052674,140.6689133,6
1223197397,36.607708,140.6668991,6
1223197415,36.5993092,140.6697735,6
1223197426,36.6039619,140.6589846,6
1223197465,36.5999431,140.6670944,6
1223197468,36.6027279,140.6686493,6
1223197479,36.5982945,140.6657679,6
1223197584,36.6039958,140.6631313,6
1223197653,36.6061334,140.6697353,6
1223197680,36.6049248,140.6678973,6
1223197717,36.5961088,140.6633842,6
1223197720,36.6067781,140.6695131,6
1223197723,36.5971555,140.6662236,2
1223197737,36.6040207,140.6630512,6
1223197766,36.6060269,140.6682259,6
1223197795,36.6040132,140.6687488,6
1223197796,36.6063661,140.6596394,6
1223197798,36.5993441,140.6663218,8
1223197799,36.5971377,140.6630811,8
1223197800,36.6000893,140.6671659,6
1223197805,36.5987577,140.6709281,2
1223197810,36.6038844,140.6635393,6
1223197816,36.5967764,140.6661982,6
1223197831,36.6062489,140.6654802,6
1223197842,36.6061256,140.6700896,6
1223197848,36.6060114,140.6655616,6
1223197864,36.603287,140.6628216,2
1223197890,36.606774,140.6668538,6
1223197891,36.6056736,140.6697343,6
1223197911,36.5991839,140.6696755,6
1223197913,36.596797,140.6639911,6
1223197920,36.6058713,140.6700781,6
1223197922,36.5985716,140.6659024,6
1223197924,36.5969524,140.6652045,6
1223197934,36.5998754,140.6679849,6
1223197937,36.6065557,140.664597,6
1223197944,36.6050113,140.6636252,6
1223197945,36.6058183,140.6712307,2
1223197949,36.6004286,140.660454,6
1223197958,36.6037593,140.6639813,6
1223212907,36.6062335,140.653401,6
1223212947,36.6116213,140.6459632,6
1223213004,36.6089216,140.6596296,6
1223213027,36.6086276,140.6483311,6
1223213035,36.6050624,140.6550945,8
1223213044,36.6057806,140.6536881,6
1223213048,36.6019817,140.6531411,6
1223213055,36.6077874,140.6608089,6
1223213060,36.6108889,140.6452024,6
1223213072,36.6120293,140.6549589,6
1223213075,36.604827,140.6611086,6
1223213077,36.6059843,140.6542289,6
1223213090,36.6070493,140.6543172,6
1223213095,36.6062533,140.6546687,6
1223213110,36.6064615,140.6549424,8
1223213111,36.6134583,140.6521091,4
1223213119,36.6100353,140.6525614,2
1223213124,36.6073849,140.6550204,6
1223213135,36.6099589,140.6522578,2
1223213137,36.6074207,140.6526078,6
1223213139,36.6018992,140.6533072,6
1223213156,36.6094881,140.6507271,8
1223213179,36.608649,140.6550221,2
1223213192,36.6131036,140.6411836,6
1223213207,36.6044742,140.6544944,8
1223213230,36.6040493,140.6536286,8
1223213243,36.6048489,140.655353,6
1223213251,36.6033184,140.6528351,6
1223213299,36.609822,140.6575371,6
1223213374,36.6122046,140.6439033,6
1223213454,36.6055643,140.6557872,8
1223213456,36.6086536,140.6529852,6
1223213463,36.6086265,140.6522031,6
1223213491,36.6073069,140.6554199,6
1223213525,36.6076805,140.6529268,2
1223213529,36.6050903,140.6641904,6
1223213535,36.6021194,140.6528676,6
1223213591,36.6060183,140.6612872,2
1223213597,36.6129831,140.6531898,6
1223213617,36.6105898,140.6452709,6
1223213657,36.6084222,140.6536718,6
1223213683,36.6043773,140.6610493,6
1223213692,36.6083808,140.6525951,6
1223213710,36.60595,140.6523584,2
1223213754,36.6028501,140.6520394,6
1223213757,36.6088002,140.6537397,2
1223213826,36.6134372,140.6523232,4
1223213846,36.6081217,140.6529134,8
1223213890,36.6088673,140.652568,6
1223213922,36.6117487,140.6462735,6
1223213931,36.609366,140.6505145,6
1223213984,36.6067878,140.6553827,8
1223214030,36.6071415,140.6558363,6
1223214044,36.6123638,140.6441584,6
1223214087,36.6121022,140.6548147,6
1223214106,36.6076186,140.6518974,6
1223214112,36.6113824,140.644755,6
1223214130,36.6083354,140.6543728,6
1223214140,36.6030922,140.653994,6
1223214150,36.6060668,140.6543722,8
1223214159,36.6092495,140.6486522,6
1223214162,36.6091378,140.6529968,6
1223214169,36.6035041,140.6519513,6
1223214181,36.6027973,140.6532717,6
1223214237,36.6073208,140.6547796,6
1223214238,36.604826,140.6612876,6
1223214249,36.6070782,140.6528613,6
1223214259,36.6048707,140.6621636,6
1223214297,36.6048755,140.6543392,6
1223214300,36.6086454,140.6534454,6
1223214314,36.605069,140.6528832,6
1223214331,36.6074595,140.6535946,6
1223214347,36.6053301,140.655447,6
1223214351,36.6035598,140.6526586,6
1223214361,36.6174339,140.6498726,4
1223214373,36.6083735,140.6548972,6
1223214425,36.6085172,140.6523872,6
1223214487,36.6094654,140.6527961,2
1223214502,36.6030529,140.6507447,6
1223214549,36.6059148,140.6562947,6
1223242653,36.6029203,140.6449786,6
1223242873,36.5806971,140.6236868,6
1223242928,36.5999876,140.650602,6
1223242961,36.5780485,140.6249213,6
1223242973,36.6000664,140.6467739,6
1223242993,36.6041722,140.6435967,6
1223243016,36.5992305,140.6522945,6
1223243049,36.5825345,140.6238961,6
1223243051,36.6000535,140.6471264,6
1223243056,36.6029999,140.6440253,2
1223243066,36.5995459,140.6464207,6
1223243087,36.6024919,140.6481227,6
1223243224,36.5993077,140.6460752,6
1223243257,36.577783,140.6262337,6
1223243368,36.6029542,140.6506958,6
1223243373,36.5817411,140.6235909,6
1223243410,36.6045027,140.6424117,6
1223243458,36.6000689,140.6503191,6
1223243522,36.6024248,140.6457761,6
1223243531,36.5811033,140.6270879,8
1223243594,36.6041787,140.6433512,8
1223243604,36.6024445,140.646302,6
1223243623,36.6053779,140.6489389,6
1223243636,36.5995286,140.6519138,6
1223243669,36.5995396,140.6460707,6
1223243730,36.5785135,140.6244304,6
1223243834,36.6036403,140.6501463,6
1223243894,36.6050314,140.6492904,8
1223243985,36.5783545,140.6260147,8
1223244011,36.5995523,140.6467835,6
1223244019,36.5864409,140.6436938,8
1223244042,36.5819411,140.623591,6
1223244053,36.6016412,140.6495382,8
1223244077,36.6077041,140.6474156,6
1223244155,36.6000754,140.6464079,6
1223244185,36.6009525,140.6487407,6
1223244204,36.5996761,140.6517465,6
1223244223,36.6054239,140.6438576,6
1223244239,36.5995586,140.6471394,8
1223244303,36.607561,140.6468104,2
1223244321,36.5822359,140.62369,6
1223244323,36.5993303,140.6471455,6
1223244336,36.6013438,140.6431932,6
1225777609,36.6124449,140.6603964,2
1225777640,36.6164163,140.6647509,8
1225777673,36.6166687,140.6636587,6
1225777679,36.6152265,140.6603884,2
1225777703,36.6169707,140.6643139,6
1225777708,36.6132489,140.6610118,6
1225777757,36.6124017,140.6667245,6
1225777775,36.6135514,140.6651474,6
1225777779,36.6160729,140.6635335,8
1225777781,36.6122158,140.6672006,6
1225777834,36.6161231,140.6648948,6
1225777850,36.6089528,140.6666064,6
1225777868,36.6118749,140.6649528,6
1225777871,36.616154,140.663429,6
1225777896,36.6084767,140.6659037,6
1225777911,36.6164927,140.6633833,6
1225777920,36.6130863,140.6656302,6
1225777924,36.6119241,140.6665763,6
1225777961,36.6089739,140.667712,6
1225777969,36.6098137,140.6660647,6
1225777972,36.6116438,140.6671805,2
1225778032,36.6102603,140.6679049,6
1225778042,36.6115942,140.6622736,6
1225778046,36.6142253,140.6659418,6
1225778051,36.6103556,140.667184,6
1225778134,36.6087422,140.6662689,6
1225778156,36.6150902,140.6648194,6
1225778168,36.6104352,140.6665869,6
1225778200,36.614456,140.6656998,6
1225778214,36.6138767,140.6598487,2
1225778228,36.6133738,140.6670612,6
1225778267,36.6091787,140.6669257,6
1225778287,36.6172544,140.6631679,6
1225778290,36.6168318,140.6639996,6
1225778350,36.614542,140.6605012,6
1225778358,36.6154097,140.6643441,6
1225778400,36.6087458,140.6670088,2
1225778404,36.6099903,140.6645251,2
1225778459,36.6117709,140.6662538,6
1225778465,36.615118,140.660652,6
1225778493,36.6089999,140.6642676,6
1225778546,36.6113532,140.6658394,2
1225778549,36.612978,140.6612255,6
1225778581,36.613194,140.6645787,8
<<<<<<< HEAD
1225778600,36.61717,140.6627854,4
=======
1225778600,36.61717,140.6627854,6
>>>>>>> 1e61a47e6e88ab5851de5706f3a1665c927f06cf
1225778637,36.6090946,140.6627522,6
1225778673,36.6166644,140.6623962,8
1225778776,36.6127472,140.6673443,2
1225778781,36.6132198,140.6653083,6
1225778789,36.6151975,140.6620071,6
1225778837,36.6130863,140.6648523,2
1225778846,36.6126782,140.6595324,6
1225778911,36.6107941,140.6665778,6
<<<<<<< HEAD
1225778922,36.6170305,140.664458,4
=======
1225778922,36.6170305,140.664458,6
>>>>>>> 1e61a47e6e88ab5851de5706f3a1665c927f06cf
1225778935,36.6129924,140.6605644,6
1225778975,36.610582,140.6637087,6
1225778986,36.6145029,140.6609846,6
1225779003,36.6167064,140.6645924,6
1225779046,36.6136358,140.6681177,6
1225779049,36.6128518,140.6616318,6
1225779153,36.6141622,140.6593664,6
1225779216,36.613357,140.6671591,6
1225779226,36.6100205,140.6634039,6
1225779274,36.6174701,140.6634574,6
1225779288,36.6137193,140.6650293,8
1225811381,36.6145546,140.6639833,2
1225811394,36.6098259,140.6632856,6
1225811414,36.6103492,140.6640933,2
1225811416,36.6117321,140.6635365,6
1225811419,36.6140616,140.6629855,2
1225811436,36.6142629,140.6622996,6
1225811441,36.6104841,140.6637427,8
1225811443,36.6083884,140.6643534,2
1225811460,36.6128107,140.6637935,6
1225811470,36.6124878,140.6652761,6
1225811471,36.6092453,140.6638599,2
1225811521,36.6103791,140.6670045,6
1225811523,36.6119457,140.6622402,6
1225811527,36.6119555,140.6657353,6
1225811550,36.6127892,140.6651152,6
1225811565,36.6150627,140.6639618,6
1228771759,36.5827265,140.6545977,6
1228825894,36.5791509,140.6522405,6
1228825922,36.5791896,140.6521972,6
1228825974,36.5789265,140.6531994,8
1250954556,36.5313577,140.6286074,8
<<<<<<< HEAD
1828250460,36.616975,140.6343828,4
=======
1828250460,36.616975,140.6343828,6
>>>>>>> 1e61a47e6e88ab5851de5706f3a1665c927f06cf
2018075071,36.5839248,140.6592309,6
2018075073,36.5850135,140.6599995,8
2018075950,36.5903891,140.6611822,6
2314472879,36.5648941,140.647073,6
2314472881,36.5670585,140.6487882,6
2314472884,36.5663935,140.6482237,6
2314472887,36.5688422,140.650084,2
2347706772,36.53056,140.6076182,6
2347706798,36.532054,140.598113,4
2347706802,36.532132,140.598049,6
2347706872,36.534164,140.597601,6
2347706929,36.535768,140.596877,6
2347706937,36.535858,140.598747,6
2347706997,36.53629,140.59687,6
2347707029,36.5368704,140.6083813,6
2347707067,36.5379992,140.6052474,6
2347707074,36.5383429,140.5942782,4
2347707188,36.541448,140.59168,6
2347707254,36.542742,140.595208,6
2347707275,36.543139,140.595163,2
2347707276,36.543178,140.610634,2
<<<<<<< HEAD
2347707311,36.544158,140.590654,6
=======
2347707311,36.544158,140.590654,4
>>>>>>> 1e61a47e6e88ab5851de5706f3a1665c927f06cf
2347707317,36.544282,140.608507,6
2347707404,36.5463935,140.6050707,6
2347707412,36.5465111,140.6048523,6
2347707430,36.5465237,140.6049369,6
2347707479,36.546847,140.601832,6
<<<<<<< HEAD
2347707483,36.5468854,140.5921388,6
=======
2347707483,36.5468854,140.5921388,4
>>>>>>> 1e61a47e6e88ab5851de5706f3a1665c927f06cf
2347707542,36.5474131,140.593242,6
2347707544,36.547626,140.592419,6
2347707569,36.547849,140.592536,6
2347707636,36.548745,140.6078124,6
2347707699,36.549368,140.592329,6
2347707771,36.5502078,140.604773,6
2347707819,36.550733,140.614562,6
2347707845,36.5509054,140.6095953,6
2347707857,36.551308,140.5916607,6
2347707908,36.552091,140.599299,2
2347707912,36.5521145,140.6195066,6
2347707926,36.5523416,140.6203448,6
2347707961,36.5530012,140.6204232,6
2347707973,36.5531164,140.6192643,8
2347707994,36.5534036,140.5921724,6
2347708015,36.5535955,140.6221126,6
2347708041,36.5538554,140.6205911,6
2347708092,36.5541902,140.6182088,6
2347708094,36.5541448,140.592097,2
2347708110,36.5544243,140.6200798,6
2347708197,36.5554466,140.6125115,6
2347708314,36.556422,140.597397,6
2347708316,36.5564438,140.5890441,2
2347708393,36.5573259,140.6126428,6
2347708400,36.5573532,140.6141359,8
2347708430,36.5577339,140.6155685,6
2347708443,36.5578396,140.6115457,6
2347708446,36.557883,140.6130555,8
2347708454,36.558,140.6149892,6
2347708466,36.5581568,140.6132582,6
2347708468,36.558012,140.592908,2
2347708486,36.5580126,140.6111678,2
2347708489,36.5581279,140.6147104,6
2347708512,36.5584976,140.6117847,8
2347708516,36.5583047,140.6110377,6
2347708517,36.5584114,140.6119755,8
2347708519,36.5583585,140.6143732,8
2347708525,36.5584567,140.6152564,6
2347708541,36.5586514,140.6108366,6
2347708543,36.5587044,140.61367,8
2347708561,36.5588486,140.6165511,6
2347708571,36.5589295,140.6124292,6
2347708573,36.5589194,140.6147781,6
2347708575,36.5591293,140.6015883,6
2347708579,36.5589538,140.6103696,6
2347708619,36.5589835,140.6138665,6
2347708620,36.5590507,140.6110964,6
2347708646,36.5590308,140.6107279,6
2347708676,36.559286,140.6108223,6
2347708755,36.5595185,140.6099312,6
2347708769,36.559656,140.6096158,6
2347708784,36.5601178,140.5955135,6
2347708813,36.5595636,140.6087399,2
2347708823,36.560328,140.6103238,6
2347708858,36.559941,140.6169093,6
2347708880,36.5599927,140.6107711,2
2347708907,36.5602383,140.5956332,4
2347708958,36.5601814,140.6186899,6
2347708990,36.5602753,140.6179279,6
2347709012,36.5602785,140.6124704,6
2347709015,36.5604041,140.6099075,6
2347709078,36.56042,140.6136336,6
2347709086,36.5604758,140.601984,6
2347709103,36.5605732,140.6123717,8
2347709158,36.5604313,140.6103534,6
2347709217,36.5610745,140.6115102,6
2347709263,36.5612707,140.6095244,6
2347709272,36.561303,140.6095866,6
2347709647,36.564646,140.612263,2
2347709717,36.5654434,140.5988605,4
<<<<<<< HEAD
2347709742,36.5654818,140.5987399,6
=======
2347709742,36.5654818,140.5987399,4
>>>>>>> 1e61a47e6e88ab5851de5706f3a1665c927f06cf
2347709819,36.5662168,140.5996312,6
2347710145,36.567739,140.604736,6
2347710155,36.567776,140.608557,2
2347710339,36.569866,140.594846,6
<<<<<<< HEAD
2347710401,36.5702691,140.5877264,6
2347710461,36.5707728,140.5965566,6
2347710570,36.571026,140.597897,6
2347710574,36.571034,140.599375,6
2347710727,36.5720532,140.5898031,6
=======
2347710461,36.5707728,140.5965566,4
2347710570,36.571026,140.597897,6
2347710574,36.571034,140.599375,6
2347710727,36.5720532,140.5898031,4
>>>>>>> 1e61a47e6e88ab5851de5706f3a1665c927f06cf
2347710798,36.5725942,140.6229371,6
2347710903,36.5731673,140.5880291,4
2347710941,36.5732873,140.6259741,6
2347710965,36.573613,140.6257674,6
2347710981,36.5737384,140.5971466,6
2347711004,36.57375,140.597664,6
2347711133,36.5740948,140.5985661,6
2347711193,36.5745578,140.5980554,6
2347711316,36.5747855,140.5896881,6
2347711335,36.5751107,140.6121491,2
2347711351,36.5750648,140.5927159,6
2347711400,36.575512,140.622782,2
2347711440,36.5761051,140.616943,6
2347711511,36.5763328,140.5944274,6
2347711573,36.5768687,140.6191424,2
2347711792,36.578192,140.623042,2
2347711988,36.580023,140.588487,2
2347712078,36.5805991,140.5973869,6
2347712101,36.581069,140.627796,2
2347712181,36.5818609,140.6093037,6
2347712221,36.5822617,140.6144064,2
2347712224,36.5821712,140.6217489,2
2347712239,36.5823367,140.6163474,6
2347712253,36.5823927,140.6145754,8
2347712304,36.5825636,140.5918728,4
2347712310,36.5826227,140.6126904,6
2347712402,36.583658,140.634008,2
2347712405,36.583558,140.6096661,6
2347712467,36.5844707,140.6128704,6
2347712561,36.5854966,140.6198579,8
2347712669,36.586349,140.626549,6
2347712717,36.586658,140.626445,6
2347712951,36.5882812,140.63117,2
2347712973,36.588426,140.637252,2
2347713130,36.5892833,140.6373354,6
2347713177,36.5895997,140.6155134,6
2347713199,36.589779,140.634916,8
2347713225,36.590009,140.621656,6
2347713348,36.59087,140.59752,6
2347713356,36.5908957,140.6373764,6
2347713430,36.591857,140.636755,2
2347713494,36.592835,140.620105,6
2347713518,36.593074,140.6429888,6
2347713543,36.593192,140.611557,6
2347713550,36.5931173,140.619966,6
2347713554,36.593246,140.621656,6
2347713616,36.593537,140.619287,6
2347713636,36.593622,140.629559,6
2347713653,36.5936515,140.6231451,6
2347713719,36.59387,140.629237,6
2347713878,36.594326,140.627511,2
2347713957,36.5944856,140.6426088,6
2347714033,36.5946477,140.6444636,6
2347714086,36.594912,140.643174,6
2347714128,36.5950189,140.6447853,6
2347714284,36.595577,140.6448179,6
2347714326,36.595722,140.59502,4
2347714330,36.5956276,140.6281421,6
2347714393,36.5959902,140.6446361,6
2347714403,36.5961223,140.6163291,6
2347714462,36.596213,140.616234,6
2347714466,36.5962035,140.6436235,6
2347714529,36.596536,140.642874,6
2347714605,36.597029,140.61542,6
2347714640,36.5974197,140.6445763,6
2347714659,36.5963916,140.6431263,6
2347714675,36.5974948,140.6447946,2
2347714735,36.597617,140.614625,6
2347714750,36.5975537,140.6401985,2
2347714808,36.597814,140.614282,6
2347714815,36.5978015,140.6421129,6
2347714825,36.5978602,140.6417551,6
2347714962,36.598361,140.619864,6
2347715487,36.6005477,140.6387616,6
2347715604,36.601214,140.629811,2
2347715611,36.601286,140.625519,6
2347715634,36.6013267,140.6434496,6
2347715644,36.6015347,140.6448131,6
2347715646,36.6015787,140.6433435,6
2347715651,36.60162,140.620141,6
2347715750,36.6034066,140.6371144,6
2347715804,36.6025473,140.6454744,6
2347715806,36.602498,140.619063,6
2347715869,36.602908,140.626143,6
2347716191,36.6044176,140.6359307,6
2347716351,36.605529,140.62074,6
2347716419,36.605811,140.613772,6
2347716612,36.6066022,140.6380309,2
2347716756,36.607562,140.628577,6
2347716760,36.60758,140.625548,6
2347716941,36.608481,140.615678,6
2347716984,36.608704,140.616806,8
2347717107,36.609463,140.606522,2
<<<<<<< HEAD
2347717115,36.609526,140.590121,4
2347717153,36.609709,140.640124,2
2347717295,36.610733,140.599348,4
=======
2347717115,36.609526,140.590121,6
2347717153,36.609709,140.640124,2
2347717295,36.610733,140.599348,6
>>>>>>> 1e61a47e6e88ab5851de5706f3a1665c927f06cf
2347717472,36.611638,140.63551,6
2347717507,36.61175,140.624548,6
2347717742,36.6124877,140.6539907,6
2347717846,36.6131298,140.6541876,6
2347718377,36.616501,140.637694,2
2347718385,36.6165969,140.6363948,6
2347718469,36.6169805,140.6363084,6
<<<<<<< HEAD
2348688743,36.5581851,140.6147417,6
2348757299,36.534732,140.595959,2
2348761114,36.5449963,140.5873948,4
=======
2347718586,36.6178972,140.6703697,2
2347718631,36.617783,140.59495,4
2347718679,36.6178431,140.632257,4
2348688743,36.5581851,140.6147417,6
2348757299,36.534732,140.595959,2
>>>>>>> 1e61a47e6e88ab5851de5706f3a1665c927f06cf
2348763763,36.5515008,140.5898851,2
2348764614,36.5528132,140.5922623,6
2348764852,36.5538258,140.592018,2
2348787120,36.606915,140.588134,2
2349089405,36.5685251,140.6442581,6
2349106313,36.5342849,140.6285164,6
2349106332,36.5328472,140.627877,6
2349106338,36.5309529,140.6290826,2
2349106349,36.5322452,140.62891,6
2349106370,36.5328832,140.6277755,6
2476029123,36.5464624,140.6058435,6
2476029128,36.5464903,140.6051605,8
2526388505,36.6075372,140.6557754,2
2579150900,36.5527659,140.6320257,6
2579150907,36.5525386,140.6318008,6
2579150918,36.552625,140.6319574,6
2579150928,36.5503146,140.629807,8
2579150937,36.5501188,140.6294925,2
2579150946,36.5519977,140.6319497,6
2579150947,36.5525933,140.6319465,6
2591137435,36.552812,140.6316403,10
2591137438,36.5526364,140.6317083,6
2591137443,36.5527341,140.6318103,6
2718198268,36.6146867,140.6624968,6
2723607073,36.5811542,140.6394025,8
2723607080,36.5786655,140.6374555,6
2723628083,36.5412626,140.6224947,6
2725173732,36.5884564,140.6576037,6
2725173736,36.5869514,140.6595188,8
2725173737,36.5866828,140.6601617,6
2725173738,36.5861754,140.6614098,10
<<<<<<< HEAD
=======
2822590235,36.6177735,140.6752985,2
>>>>>>> 1e61a47e6e88ab5851de5706f3a1665c927f06cf
2905962547,36.5558608,140.6149585,2
2905962548,36.5551173,140.6132907,2
2905962555,36.5477937,140.6066991,6
2905962560,36.5488843,140.6067635,2
2905962575,36.5510428,140.6072705,2
2905962581,36.5484787,140.6069191,2
2905962588,36.5469186,140.6060108,6
2905962589,36.5474455,140.6068464,6
2905964017,36.5478262,140.6069996,6
2905964024,36.5475945,140.6075998,6
2905964035,36.5475531,140.6071548,6
2905964386,36.5544652,140.6180377,6
2905964387,36.5515634,140.6172095,6
2905964388,36.5550819,140.6178553,6
2905964390,36.5546777,140.6179573,6
2905964392,36.5543009,140.6180844,6
2905964393,36.5531064,140.6198124,6
3099872538,36.5893232,140.6571748,6
3099872554,36.5894743,140.6577342,8
3099872846,36.590205,140.6567441,6
3099872953,36.5906131,140.6582571,6
3099873015,36.5912603,140.6578607,6
3099873051,36.5922911,140.6573639,6
3099873058,36.5926794,140.6576019,8
3099873059,36.5928018,140.6572802,8
3099883642,36.5908645,140.6564889,6
3099883651,36.5909074,140.6584057,6
3099883664,36.5910204,140.6570542,6
3099883709,36.5912282,140.6586193,6
3099883765,36.5914782,140.6579985,6
3099884120,36.5928391,140.657686,6
3100865124,36.591971,140.6553523,2
3271909609,36.5725585,140.6441574,6
3271909613,36.5718036,140.6464552,6
3271909614,36.5718085,140.643684,8
3328462835,36.5574243,140.6200121,2
3328462838,36.5593012,140.620765,8
3328462839,36.5510122,140.632616,6
3328462842,36.5512681,140.6324526,6
3328462843,36.5513263,140.6325491,6
3328462847,36.5515028,140.6328147,8
3328462849,36.5527711,140.6401021,2
3328462873,36.555362,140.6397591,6
3328462874,36.5543261,140.638981,2
3328462886,36.554558,140.6406319,6
3328462887,36.5546585,140.6407077,6
3328462890,36.5594301,140.6401053,2
3328462891,36.5636628,140.6451579,6
3328462892,36.5645827,140.6459706,6
3328462993,36.5549651,140.6272393,8
3328462994,36.5536334,140.6287192,8
3328462996,36.5528246,140.6302054,6
3328462997,36.5417999,140.622629,8
3328463002,36.5499586,140.6228289,6
3328463006,36.5512021,140.6220474,10
3328463013,36.5487275,140.6233828,6
3328463014,36.5514512,140.6207492,6
3328463017,36.5519054,140.6319678,2
3328463025,36.5528623,140.6329135,2
3328490077,36.5814702,140.6384482,6
3328490088,36.5808963,140.6347372,6
3328490090,36.5814413,140.6342355,6
3328490091,36.5806676,140.6351609,6
3328491894,36.5811466,140.6359242,6
3328491908,36.5811924,140.6330977,6
3328491914,36.5806066,140.6340722,6
3328491915,36.5813092,140.6336085,6
3328491916,36.5818861,140.6328245,6
3328491917,36.5812969,140.63355,6
3328491918,36.5819862,140.6333139,6
3328491919,36.5814009,140.6340484,6
3328491920,36.5820921,140.6338114,6
3328491921,36.5815036,140.6345338,6
3328491922,36.5821955,140.6342926,6
3328491923,36.5818632,140.6344102,6
3328491925,36.5822838,140.634694,8
3328491927,36.5816975,140.6307265,6
3328491928,36.5823884,140.6339903,6
3328491931,36.5828424,140.6305114,6
3328491934,36.583236,140.6323422,6
3328491935,36.5833898,140.631734,6
3328491936,36.5817698,140.6322674,6
3328491937,36.5820071,140.6321893,8
3328491938,36.5831223,140.631822,8
3328491939,36.5819797,140.6305227,6
3328491940,36.5823128,140.6320886,8
3328491941,36.5826171,140.6335195,6
3328491942,36.5822343,140.6302696,6
3328491943,36.5825924,140.6319966,8
3328491944,36.5828175,140.6330826,6
3328491945,36.5825059,140.630263,6
3328491946,36.5828547,140.6319102,8
3328491947,36.5830222,140.6327011,6
3328491948,36.5816944,140.6319139,6
3328491950,36.5813577,140.6312559,2
3328491951,36.5825418,140.6336745,6
3328491954,36.5827363,140.6332655,6
3328491955,36.5831248,140.6341531,6
3328491956,36.5829526,140.6337596,6
3328491957,36.5834765,140.6333159,6
3328491958,36.5831907,140.6326563,6
3328491959,36.5832094,140.6335355,6
3328491968,36.5805654,140.6353885,6
3328491971,36.5802694,140.6350259,6
3328491973,36.5800562,140.634645,6
3328491975,36.5797331,140.6346691,6
3328491980,36.5797977,140.6361872,2
3328491991,36.5791993,140.6360374,6
3328491992,36.5787382,140.636127,6
3328491999,36.5785939,140.6370964,6
3328492004,36.5788494,140.636729,8
3328492005,36.5790063,140.6366976,6
3328492007,36.5789935,140.6360714,6
3328492008,36.5791044,140.6371366,2
3328492014,36.5777052,140.6353021,6
3328492015,36.5774016,140.6357408,6
3330018931,36.5845327,140.6416742,6
3330018932,36.5843543,140.6418406,6
3330018934,36.5846897,140.6409064,6
3330018936,36.5846187,140.6417736,6
3330018937,36.583235,140.6504836,6
3330018938,36.5831282,140.6501656,8
3330018942,36.5824578,140.6476153,6
3330018945,36.577842,140.6583911,6
3330018946,36.5777712,140.6597836,2
3330018950,36.5785201,140.6587724,6
3330018954,36.5789258,140.6602817,2
3498339774,36.593234,140.6498102,8
3498339775,36.5920447,140.6490576,8
3498339776,36.5899843,140.6565574,6
3498339777,36.5929835,140.6503248,6
3498346842,36.6052327,140.6574229,6
3498346850,36.6052471,140.6575341,6
3498357724,36.5774369,140.6414041,8
3498357754,36.5848985,140.6443732,8
3498357772,36.5858852,140.6431298,6
3498357773,36.5762463,140.6433189,6
3498393057,36.5581502,140.6254178,6
3498393079,36.5587728,140.6263834,6
3498393084,36.5685785,140.6354903,8
3768167676,36.5559241,140.6168202,2
3768172154,36.5777074,140.6146384,6
3768172157,36.5795066,140.6111444,8
3768172167,36.5806082,140.5935237,6
3768172198,36.5826342,140.5909546,4
3768196544,36.5574611,140.6196442,2
3768199851,36.5672335,140.6245318,6
3768199853,36.5678019,140.6219193,6
3768203768,36.5714749,140.6166092,6
3773102676,36.6071036,140.648048,6
3773714155,36.606474,140.6573476,8
3773714156,36.6065025,140.6578728,10
3773714966,36.607174,140.6568763,8
3773714969,36.6078467,140.6560626,6
3773714996,36.6097614,140.6569609,6
3773715001,36.6098308,140.6566399,6
3773715024,36.6121008,140.6448319,8
3773715043,36.6128003,140.6447398,6
3773715158,36.6137855,140.6426434,6
<<<<<<< HEAD
=======
3775300170,36.6177654,140.6634596,4
>>>>>>> 1e61a47e6e88ab5851de5706f3a1665c927f06cf
3775324835,36.6092083,140.6484131,6
3775324837,36.6151399,140.669677,8
3775373067,36.572947,140.6297949,6
3775373071,36.5730663,140.6301331,6
3775373074,36.5732195,140.6256998,6
3775373101,36.5743836,140.6338057,6
3775488564,36.572113,140.6518084,6
3775488565,36.5798136,140.6564358,6
3775545623,36.5353249,140.6278826,6
3775552687,36.5801304,140.6490014,6
3775552701,36.5867331,140.6617334,6
4023586168,36.6067379,140.6590743,6
4023586170,36.6068935,140.6589,6
4023586172,36.6066291,140.6583723,6
4023586176,36.6069816,140.6586285,6
4023586179,36.6065878,140.6584458,6
4023586186,36.6065328,140.6589469,6
4023586190,36.6065374,140.6592017,6
4023586196,36.6063063,140.6588044,6
4023586199,36.6068745,140.659153,6
4023586203,36.6068669,140.6594448,6
4023586220,36.606659,140.6592678,6
4023586221,36.6069192,140.6597503,6
4023586227,36.607104,140.6583582,6
4023586230,36.6072723,140.6584404,6
4023586240,36.6072378,140.6591984,6
4023586242,36.6075114,140.6592359,6
4023586247,36.6075277,140.6588127,6
4023588203,36.6075231,140.6594961,6
4023588205,36.6077074,140.6594929,6
4023588230,36.6083786,140.6586736,6
4023588236,36.6079502,140.6586441,6
4023613168,36.6078768,140.659627,6
4023613169,36.6083455,140.6596082,6
4023613170,36.6082712,140.6596427,2
4023618679,36.6083671,140.6597166,6
4023618685,36.6088527,140.6593725,6
4023774577,36.6061986,140.6585494,2
4023774578,36.6065427,140.6580358,6
4029009088,36.6081021,140.6587623,6
4029009292,36.6082717,140.6588289,6
4029028813,36.6069149,140.6589032,6
4029028819,36.6070288,140.6589673,6
4029028821,36.6072859,140.6586133,6
4144157606,36.6117889,140.6548157,6
4144157617,36.6106886,140.6552332,6
4144157619,36.6105636,140.6554265,2
4144157624,36.6103245,140.6552311,6
4144157628,36.6103639,140.6555167,2
4144157633,36.6106765,140.6547871,6
4144157650,36.6108594,140.6550593,6
4262968646,36.5864766,140.6607233,6
4268790438,36.5842441,140.6399372,6
4268790444,36.585671,140.6394008,6
4322634945,36.5840969,140.65886,6
4322634947,36.5829282,140.6583951,6
4322634948,36.5824439,140.6580809,6
4322634949,36.5821639,140.6586394,8
4322634950,36.5819089,140.6591275,8
4322634959,36.5822738,140.6606155,6
4322634965,36.5830871,140.6613093,6
4322634966,36.5848435,140.6605905,8
4322634967,36.5846176,140.659734,8
4322634968,36.5844094,140.6603192,8
4322634970,36.5841139,140.6609638,6
4322634971,36.5834447,140.6606593,6
4322634972,36.5837057,140.6600952,6
4322634974,36.5841872,140.6607749,8
4322634975,36.584694,140.6611103,6
4322634976,36.5865924,140.6601344,6
4322634978,36.5847992,140.6592463,6
4322634979,36.5851728,140.6594459,6
4322634980,36.5863186,140.6599973,6
4322634981,36.5859549,140.660511,6
4322634983,36.5856591,140.6610861,8
4322634990,36.5888732,140.6617462,6
4322634991,36.5889445,140.6614054,6
4322637065,36.5889934,140.6628954,6
4322637066,36.589114,140.6629665,6
4322637070,36.589872,140.6633903,2
4322637079,36.593328,140.6643847,6
4322637080,36.5983648,140.6638586,8
4322637081,36.5991929,140.6644058,8
4322637082,36.599768,140.6647365,6
4322637083,36.5985306,140.6619504,6
4322637084,36.5980199,140.6629475,8
4322637085,36.5977831,140.6635049,8
4322637086,36.597507,140.6641328,8
4322637389,36.5970196,140.6622865,6
4322637390,36.5986331,140.6607792,8
4322637391,36.5981433,140.6616914,6
4322637392,36.5983231,140.6599566,6
4322637393,36.5988286,140.6605314,6
4322637394,36.5995092,140.6626653,6
4322637397,36.6021799,140.6636924,6
4322637398,36.601986,140.6636513,6
4322637399,36.6035426,140.655474,8
4322637401,36.6033833,140.6542675,6
4322642369,36.6033503,140.6490485,6
4322642370,36.6027019,140.6482774,6
4322642382,36.6027474,140.6483308,6
4322642383,36.6025757,140.6486575,6
4322642384,36.6030835,140.6492622,6
4322642385,36.6024831,140.6490973,6
4322642386,36.6019376,140.6491602,6
4322642387,36.6016984,140.6468177,6
4322643191,36.6024051,140.6473936,2
4322643192,36.6023684,140.647584,2
4322643195,36.6012826,140.6491195,6
4322643200,36.6011949,140.6448052,2
4322643201,36.6020211,140.6463915,6
4322643202,36.6020369,140.6454168,2
4322643203,36.6020332,140.6456448,6
4322643204,36.6017096,140.6456501,6
4322643205,36.6017009,140.6462539,6
4322643206,36.6020234,140.6462508,6
4322643207,36.6014576,140.6462563,2
4322660657,36.603527,140.6441409,6
4322660658,36.6037766,140.6444942,6
4322660660,36.6039683,140.6448965,6
4322660671,36.6025325,140.6465728,6
4322660673,36.6030493,140.6461974,6
4322660674,36.6087139,140.6415874,6
4322660678,36.6065995,140.6411762,6
4322660679,36.6081253,140.642684,8
4322660680,36.6089258,140.6399129,6
4322660681,36.6087365,140.6401959,6
4322660683,36.6080087,140.640891,8
4322660684,36.6073564,140.6419255,6
4322660685,36.6083877,140.6403317,6
4322660686,36.6090045,140.6409381,6
4322660687,36.6085183,140.6413951,6
4322660688,36.6078681,140.6424322,6
4322660689,36.608268,140.6411462,6
4322660690,36.6076085,140.6421752,6
4322660691,36.6074551,140.6404468,6
4322660692,36.6068443,140.6414186,6
4322660693,36.6077534,140.6406347,6
4322660694,36.6070989,140.6416706,6
4322660698,36.6084844,140.6420974,6
4322660699,36.6087743,140.6424383,6
4322660700,36.6083912,140.6429865,6
4322660701,36.6091478,140.6401339,6
4322660703,36.6092392,140.6394328,6
4322660704,36.6043153,140.6425941,6
4322660706,36.6046821,140.6434641,6
4322660716,36.6044364,140.642907,6
4322660717,36.6053608,140.6420113,8
4322660718,36.6054879,140.6424279,8
4322660719,36.6057191,140.6432226,6
4322660720,36.6045895,140.6432897,6
4322660721,36.6056054,140.6428297,8
4322660722,36.6064316,140.642461,6
4322660723,36.6066105,140.6421633,6
4322660724,36.6077502,140.6437606,6
4322660725,36.607048,140.6425934,6
4322660726,36.6068636,140.6428867,8
4322660727,36.6064807,140.643495,6
4322660728,36.6060955,140.642609,6
4322660729,36.6066785,140.6431807,8
4322660730,36.6074134,140.6438969,6
4322660731,36.6012852,140.6480896,6
4322660737,36.6021747,140.6476081,2
4322660739,36.5989297,140.6433825,6
4322660751,36.598858,140.6456897,6
4322660761,36.5992948,140.6449241,6
4322660768,36.5972008,140.6455535,6
4322660771,36.5983455,140.6456899,6
4322660776,36.5985686,140.6439619,6
4322662568,36.6004659,140.6478502,6
4382139347,36.5740537,140.6323756,8
4382139361,36.5768583,140.6345247,6
4382139369,36.5803177,140.6270152,6
4382139370,36.5806118,140.6271513,8
4382139373,36.5816995,140.6575711,6
4382139375,36.5817188,140.6265491,6
4382139378,36.5820053,140.6262045,6
4382139384,36.5826077,140.659721,8
4382139387,36.582779,140.6610938,6
4382139501,36.5855465,140.6603052,8
4382139502,36.5859214,140.6604988,6
4382139521,36.5888451,140.6574109,8
4382139524,36.5889661,140.6573531,8
4382139530,36.5906176,140.6531514,8
4382139535,36.5913318,140.653718,8
4382139547,36.5917019,140.661359,6
4382139549,36.591726,140.6609895,6
4382139551,36.5917487,140.6609197,6
4382139556,36.5918151,140.6608333,8
4382139563,36.5918386,140.6608816,6
4382139566,36.5918442,140.6611314,6
4382139573,36.5919024,140.6613239,6
4382139583,36.5920259,140.6609715,6
4382139585,36.5920766,140.6609888,6
4382139595,36.592263,140.6608055,14
4382139597,36.5922736,140.6610922,6
4382139603,36.5923731,140.6607449,8
4382139605,36.5923824,140.6611511,6
4382139616,36.5925265,140.659876,8
4382139618,36.5927087,140.6610285,6
4382139619,36.5928224,140.6618824,8
4382139620,36.5929212,140.6588567,8
4382139623,36.5929631,140.66047,6
4382139626,36.5931381,140.6600211,6
4382139628,36.5931605,140.6618903,6
4382139630,36.5932482,140.6580219,8
4382139631,36.5934593,140.6613002,6
4382139633,36.5935302,140.6610009,6
4382139634,36.5935835,140.6571624,8
4382139635,36.5936613,140.657212,8
4382139637,36.593734,140.6572584,8
4382139640,36.5937759,140.660643,6
4382139655,36.5942748,140.6560922,8
4382139657,36.5943498,140.6561576,8
4382139658,36.5944287,140.6562235,8
4382139678,36.595209,140.6517428,6
4382139685,36.5956234,140.6541031,8
4382139686,36.5957023,140.6541459,8
4382139687,36.5957042,140.6521798,8
4382139689,36.5957786,140.6541866,8
4382139694,36.5960383,140.6577265,10
4382139701,36.5963262,140.6524814,8
4382139702,36.5964138,140.6525138,8
4382139704,36.5964881,140.6525417,8
4382139708,36.5967527,140.6515027,8
4382139711,36.5968927,140.6515965,8
4382139722,36.5997618,140.6661432,6
4382139724,36.5997823,140.6574754,6
4382139728,36.6007117,140.6617279,8
4382139756,36.6090895,140.6593083,6
4382140319,36.5968933,140.6514115,10
4382146520,36.5967439,140.6555595,10
4382146523,36.5969089,140.6547942,8
4382146528,36.5973902,140.6561512,6
4383039669,36.5749248,140.6396779,6
4383040891,36.5764283,140.6402814,6
4383040897,36.5767195,140.6398557,8
4383040898,36.576759,140.6402306,8
4383040912,36.5770939,140.6393265,6
4383040917,36.5772202,140.6405566,6
4383040919,36.577277,140.6402277,8
4383040923,36.5773761,140.6397691,2
4383040930,36.5776408,140.6390427,6
4383040931,36.5778219,140.6391548,6
4383040932,36.5778988,140.6408224,6
4383040933,36.5779261,140.638565,6
4383040934,36.5779906,140.6381996,6
4383040935,36.5780179,140.6407186,2
4383040937,36.5780653,140.6377762,6
4383040938,36.5781119,140.6386408,6
4383040939,36.5781344,140.6374255,6
4383040942,36.5781799,140.6382478,8
4383040949,36.5783095,140.6370535,6
4383040954,36.5784226,140.6417978,6
4383040956,36.5784896,140.638326,6
4383040969,36.5788041,140.640614,6
4383040970,36.578817,140.6391495,6
4383040975,36.5790841,140.6389322,6
4383040980,36.5793964,140.6395357,6
4385172217,36.5704453,140.6286069,6
4385172219,36.5706976,140.6275897,6
4385172221,36.5708624,140.6269185,6
4385172223,36.5710413,140.6262746,6
4385172224,36.5710906,140.6276689,6
4385172227,36.5712168,140.6269951,8
4385172230,36.5714111,140.626339,6
4385172231,36.5714202,140.6277408,6
4385172233,36.5715534,140.6270529,8
4385172236,36.5716337,140.6277874,6
4385172237,36.5717244,140.6263953,6
4385172239,36.5718794,140.6271222,6
4385172244,36.5720466,140.626468,6
4385172249,36.5732429,140.6304977,6
4385172251,36.579219,140.626459,8
4385172275,36.5918917,140.6440095,6
4385172285,36.5924994,140.6455422,6
4385172492,36.5932224,140.6471939,8
4385172494,36.5936596,140.6500262,8
4385172697,36.5956047,140.6552954,6
4385172779,36.5961217,140.6529503,8
4385172916,36.5962501,140.6510183,6
4385172954,36.596487,140.6499418,6
4385173143,36.5969242,140.6505275,6
4385173184,36.597153,140.649661,6
4385173345,36.5973918,140.6455508,6
4385173378,36.597707,140.6510696,8
4385173489,36.5978478,140.6507468,6
4385173505,36.5980224,140.6503468,8
4385173512,36.5981355,140.6499136,6
4385173525,36.5982466,140.6513355,6
4385173535,36.598316,140.6519545,6
4385173536,36.5983212,140.651022,6
4385173540,36.598392,140.6487509,8
4385173551,36.5984647,140.6508409,6
4385173572,36.5996421,140.6544697,6
4386283465,36.5988296,140.6424793,6
4386283474,36.5990781,140.6440067,6
4386283477,36.5991634,140.6431583,6
4386283487,36.5993569,140.6423357,6
4386283497,36.5994186,140.6420628,6
4386283501,36.5997489,140.6435279,2
4386283547,36.6041324,140.6474206,6
4386283584,36.6043391,140.6476216,6
4386283610,36.604717,140.6480455,6
4386283627,36.6048839,140.6482694,6
4386283648,36.6050635,140.6493752,6
4386284197,36.608192,140.6406046,6
4386284250,36.6088591,140.6412666,6
4386284252,36.6091586,140.6406127,6
4386284258,36.6096509,140.6399318,2
4419734590,36.5534838,140.6330103,6
4419734591,36.5551847,140.630839,6
4419734593,36.5550006,140.6314882,6
4419734595,36.5544835,140.6310734,6
4419734597,36.5539095,140.6311623,8
4419734600,36.5529825,140.632327,6
4419734601,36.5537446,140.6333666,6
4419734602,36.5544281,140.6326,6
4419734603,36.5547442,140.6330288,6
4419734604,36.5564882,140.6346038,8
4419734605,36.5555794,140.6357365,8
4419734606,36.5552742,140.6361267,2
4419734607,36.5591032,140.6373072,6
4419734608,36.5591739,140.6378916,8
4419734609,36.5596952,140.6371949,6
4419734612,36.5585007,140.6380222,6
4419734616,36.5616482,140.6371323,6
4419734619,36.563999,140.6391887,6
4419734620,36.5639067,140.6399594,6
4419734623,36.5629905,140.6404428,6
4419734627,36.5628772,140.6380368,6
4419734628,36.5565598,140.6305517,6
4419734632,36.5549732,140.6250793,6
4419734633,36.5549096,140.6261092,8
4419734634,36.5544845,140.6265791,8
4419734637,36.5534665,140.6280345,6
4419734638,36.553022,140.6262528,2
4419734640,36.5535644,140.6267655,8
4419734642,36.5539182,140.6272261,8
4419734643,36.5543849,140.6278839,6
4419734644,36.5541447,140.628151,6
4419734646,36.5550037,140.6291802,6
4419734648,36.5618073,140.6291131,6
4419734649,36.5635937,140.6311293,6
4419734650,36.5582137,140.6343342,6
4419734652,36.5576168,140.633327,8
4419734654,36.5567441,140.6321644,6
4472054848,36.6096019,140.6711733,8
4472054856,36.6171331,140.6702093,6
4472054877,36.6146787,140.67105,8
4472054884,36.614076,140.6719417,6
4472054888,36.6141852,140.6731336,6
4472054889,36.6142075,140.6733526,6
4472054894,36.6155779,140.6740896,6
<<<<<<< HEAD
4472054895,36.61628,140.6738347,6
=======
4472054895,36.61628,140.6738347,8
>>>>>>> 1e61a47e6e88ab5851de5706f3a1665c927f06cf
4472054921,36.612066,140.6741393,6
4472140032,36.6096508,140.6749764,8
4472140040,36.6105171,140.6758146,6
4472140041,36.6117461,140.6717729,8
4472140051,36.611977,140.6714479,6
4472140068,36.6093136,140.6771253,6
4472140069,36.6125199,140.6706087,2
4472140072,36.6097636,140.6661131,6
4472140074,36.6094139,140.6659071,6
4472141993,36.5920485,140.6630417,6
4472303936,36.5974486,140.656894,6
4472303937,36.5972756,140.6580449,6
4472303941,36.5967991,140.6578139,8
4472303942,36.5937575,140.6592006,6
4472303943,36.594331,140.6598532,6
4472303946,36.5873004,140.6601569,6
4472303947,36.5869731,140.6599825,2
4472307271,36.5935065,140.6594934,6
4472307273,36.5939889,140.66034,8
4472307274,36.5942002,140.6606251,6
4472309282,36.6079004,140.6520071,6
4472309285,36.6107073,140.6485963,6
4472309889,36.6100191,140.6490889,6
4472309891,36.609907,140.6493156,6
4472309892,36.6099735,140.6498329,6
4472309893,36.6109281,140.6481997,6
4472309897,36.6031769,140.6587613,8
4472309898,36.6029058,140.6582374,8
4472309899,36.6023749,140.6574367,8
4472309900,36.6020359,140.6569096,6
4472312247,36.5749352,140.6318449,6
4472312252,36.574992,140.6335416,6
4472312253,36.5776476,140.6306069,6
4472312256,36.5788915,140.6312648,2
4472312257,36.5767971,140.6343765,8
4472312267,36.5796712,140.6311092,6
4472312272,36.5803518,140.6281588,6
4472312276,36.5811143,140.6278259,8
4472312278,36.580621,140.6278155,8
4472313989,36.5790788,140.6310368,2
4472313990,36.5786139,140.6296597,6
4472313993,36.5778384,140.6283739,6
4472313994,36.5763239,140.6330576,6
4472313995,36.5769109,140.6325979,6
4472313997,36.5776702,140.6319005,8
4472329016,36.5734742,140.6315592,6
4472329022,36.5736874,140.6304011,2
4472329023,36.5731132,140.6302537,6
4472329028,36.5737607,140.6289983,6
4472329030,36.5739804,140.6284378,6
4472329033,36.5735345,140.6280569,2
4472329034,36.5733723,140.6298699,6
4472329037,36.5736508,140.6284619,2
4472330294,36.5686605,140.6304718,6
4472330303,36.5685279,140.6331414,6
4472330305,36.5692444,140.633551,6
4472330306,36.5680952,140.6328824,6
4472330307,36.5673969,140.6339595,6
4472330308,36.5667504,140.6337802,6
4472330315,36.5674242,140.6358249,6
4472330316,36.568562,140.6302328,6
4472330323,36.5703396,140.6286031,6
4472330328,36.5679331,140.6291234,6
4472330329,36.5697472,140.6301293,2
4472335700,36.5704447,140.6223022,6
4472335714,36.5673922,140.6261911,6
4472335716,36.5670916,140.6258251,6
4472335719,36.5658433,140.6272157,6
4472335720,36.565905,140.6274389,6
4472335725,36.5679373,140.6277539,6
4472335726,36.5682834,140.6247688,6
4472335735,36.5688705,140.6276707,6
4472335738,36.5685813,140.622031,6
4472335740,36.5685597,140.6215107,6
4472335741,36.5688392,140.6210212,6
4472335745,36.5682711,140.6218798,8
4472335748,36.5681828,140.6231442,6
4472335749,36.5686761,140.6217977,2
4472335755,36.567117,140.6236028,6
4472337835,36.5648093,140.6235658,6
4472337836,36.5647986,140.623928,6
4472337843,36.5640532,140.624145,6
4472337845,36.5636342,140.6246841,6
4472337846,36.5640996,140.624632,6
4472337848,36.5640504,140.6264683,8
4472337849,36.5638475,140.62661,6
4472338823,36.5665778,140.6252381,6
4472338824,36.5664526,140.6250254,6
4472338832,36.5663101,140.6233664,8
4472338839,36.566435,140.624691,6
4472338840,36.5659537,140.6234247,6
4472338843,36.5653971,140.6238659,6
4472338844,36.5659879,140.6237881,6
4472338845,36.5652238,140.6238783,6
4535270281,36.5374292,140.6166389,6
4535292733,36.5379166,140.6158309,6
4535296513,36.5385447,140.612419,6
4535296514,36.5385299,140.613397,6
4535296517,36.5381236,140.6129158,6
4535404690,36.5417034,140.6142643,6
4535466243,36.5406216,140.6134686,2
4535481977,36.5402475,140.6138016,6
4535481979,36.5405283,140.6133185,2
4535488846,36.5386247,140.6108189,6
4535488852,36.5392207,140.6109565,6
4535498275,36.5383289,140.6074663,6
4535512736,36.5400293,140.6158952,6
4535514976,36.5376864,140.6148849,6
4535525284,36.5418947,140.6156075,6
4535525286,36.5412761,140.6157022,6
4535525989,36.5428335,140.6161672,2
4535525990,36.5431774,140.6159517,6
4535525991,36.5432139,140.6159421,6
4535525995,36.5417127,140.6143863,6
4535525996,36.5421979,140.6142764,6
4535525999,36.5427572,140.6142416,2
4535526000,36.5422415,140.6145867,6
4535529973,36.5420226,140.6195559,6
4535617047,36.5338719,140.6196372,6
4535617048,36.5336325,140.620283,6
4535617050,36.5331897,140.6207816,6
4535617053,36.5326239,140.6212013,6
4535656733,36.5343591,140.6172143,6
4535656735,36.5341454,140.6179219,6
4535676728,36.5396858,140.616352,6
4535688795,36.5442613,140.615075,6
4535711711,36.5329433,140.6145573,6
4535726570,36.5316533,140.6116441,6
4535741276,36.5349801,140.610978,6
4543265129,36.5329553,140.6170129,6
4543265130,36.5328043,140.6172914,6
4543265132,36.5334641,140.6147027,6
4543265137,36.5365284,140.6128726,6
4544813742,36.6109347,140.6563346,6
4544821326,36.6080526,140.6601899,6
4544851497,36.5413305,140.6301362,6
4544851498,36.541027,140.6289513,6
4544851499,36.5407904,140.6290658,6
4544851503,36.5400214,140.6292282,6
4544885854,36.5377493,140.6139352,6
4544885859,36.5378572,140.6136187,2
4548962241,36.5358135,140.6089395,6
4548970965,36.5300624,140.6120523,8
4548970966,36.5303971,140.6122316,8
4548970974,36.5301626,140.6106189,8
4548993515,36.5371934,140.6148054,8
4552443219,36.5329135,140.6209604,6
4552443220,36.5332037,140.6217634,6
4552443221,36.533467,140.6214591,6
4552443226,36.5331927,140.6208626,6
4552443228,36.5364533,140.6206313,6
4552443231,36.5361091,140.6215019,6
4552443234,36.5358883,140.6207269,6
4552443235,36.5349752,140.6220965,6
4552443242,36.5359567,140.6204388,6
4552443243,36.5399268,140.6233981,6
4552443247,36.538599,140.6279601,6
4552443248,36.5392676,140.6281314,6
4552443249,36.5399413,140.637481,6
4552443262,36.546904,140.6439518,6
4552443263,36.5457751,140.642592,6
4552443267,36.5460128,140.6420549,6
4552443270,36.5464892,140.6425911,8
4552443272,36.5472809,140.64296,6
4552443273,36.5463016,140.64169,2
4552443275,36.5481817,140.6376939,6
4552443278,36.5473704,140.6370954,2
4552443280,36.5464612,140.6366832,2
4552443287,36.5445117,140.6364362,6
4552443288,36.5493517,140.6314011,2
4552443291,36.5496258,140.6322441,6
4552443292,36.5488539,140.6313207,2
4552443295,36.5494563,140.6310196,8
4552443300,36.5467423,140.6286277,2
4552443303,36.5461699,140.627826,6
4552443304,36.5469168,140.6263853,6
4552443307,36.5484747,140.6290729,2
4552443308,36.5484424,140.629317,6
4552443309,36.548089,140.6291454,6
4552443310,36.5480868,140.6289629,6
4552443315,36.5477421,140.6288182,6
4552443322,36.5472185,140.6278257,2
4552443325,36.5485011,140.6310845,6
4552443331,36.5467304,140.6315868,6
4552443333,36.5470533,140.6316421,6
4552443342,36.5479346,140.6338775,2
4552443343,36.5475573,140.6347729,2
4552443348,36.5480954,140.6356483,2
4552443349,36.5500526,140.6341693,6
4552443357,36.5493634,140.6332162,6
4552443358,36.5478145,140.6344068,10
4552443376,36.550362,140.6319284,6
4552443381,36.552039,140.6319688,6
4552443384,36.5524488,140.6315833,6
4552443388,36.5529133,140.6302906,6
4552443389,36.5513295,140.6299813,6
4552443390,36.5516648,140.6301512,2
4552443391,36.5519115,140.6303926,2
4552443393,36.5517338,140.6307909,6
4552443396,36.550467,140.6292041,6
4552443397,36.5502869,140.6294296,2
4552443398,36.5507931,140.6288372,6
4552443399,36.5510646,140.6309911,6
4552443400,36.5511552,140.6308646,6
4552443403,36.5513491,140.629895,6
4552443404,36.5515343,140.6292692,6
4552443405,36.5523937,140.6299195,6
4552443407,36.5532091,140.628122,6
4552443411,36.5527293,140.6281177,6
4552443412,36.5525773,140.6284681,6
4552443413,36.5513752,140.6291453,6
4552443414,36.5519007,140.6280765,6
4552443416,36.5520903,140.6276728,6
4552443419,36.5530125,140.6283353,6
4552443420,36.5499387,140.6295302,2
4552443422,36.5500158,140.6279799,6
4552443426,36.5512522,140.6282276,2
4552443427,36.5510034,140.6279756,6
4552443429,36.5516284,140.6270461,8
4552443430,36.5520702,140.6265458,6
4552443437,36.5523083,140.6255747,6
4552443446,36.5522453,140.6237709,6
4552443449,36.5512445,140.6248886,6
4559302828,36.5477104,140.6232796,6
4559302830,36.5474056,140.6237627,2
4559302848,36.5567196,140.6267992,8
4559302851,36.5572126,140.6271516,6
4559302855,36.5571356,140.6272472,6
4559307422,36.546691,140.6142558,2
4559307425,36.5464961,140.6142797,2
4559307429,36.5481009,140.6132877,6
4559307430,36.5481009,140.6134435,2
4559307432,36.5482677,140.613294,2
4559307434,36.5459751,140.612184,6
4696820709,36.5762048,140.6435845,6
4696820710,36.5760234,140.6446871,6
5205722399,36.5590733,140.6201392,8
5205722400,36.5606891,140.6213576,8
5319303469,36.6153494,140.6650912,6
5319303471,36.6147949,140.6652824,6
5319303472,36.6158521,140.6637932,6
5319303474,36.6157265,140.6648227,2
5319303475,36.6151038,140.6641619,8
5319303478,36.6150556,140.6648771,6
5319680031,36.6171697,140.6699285,4
<<<<<<< HEAD
5319680041,36.6172143,140.6696563,2
=======
5319680039,36.6176468,140.6692507,2
5319680041,36.6172143,140.6696563,4
>>>>>>> 1e61a47e6e88ab5851de5706f3a1665c927f06cf
5319680068,36.613502,140.6645965,6
5319680073,36.614132,140.6641119,2
5319680074,36.6052195,140.6592521,6
5319680075,36.6055489,140.6595028,6
5319680077,36.6060622,140.6593697,6
5319680086,36.6096375,140.6593705,2
5319680087,36.6103361,140.6609706,2
5319680088,36.610299,140.6607265,6
5319680102,36.6093331,140.6601791,6
5319680104,36.6091379,140.6603485,6
5319680109,36.608983,140.6610013,6
5319680112,36.6103573,140.6597953,2
5319680113,36.6103464,140.6605273,6
5319680114,36.6106351,140.6605024,2
5319680115,36.6110492,140.6603603,2
5319680120,36.6111095,140.6614663,6
5319680221,36.6109713,140.6604934,6
5319680222,36.6106918,140.6602433,2
5319701057,36.6141139,140.6689075,6
5319701061,36.6144889,140.6689082,6
5319701063,36.6147583,140.6691658,2
5319701066,36.614019,140.6682006,6
5319701068,36.6142633,140.6678936,6
5319701070,36.6140503,140.6677375,2
5319701075,36.6139188,140.6670937,8
5319701076,36.6139417,140.6663599,6
5319701079,36.6139331,140.6666407,6
5319701080,36.6136609,140.6666386,2
5319701082,36.612817,140.6672928,6
5319701083,36.6128072,140.6669118,2
5319701086,36.6137435,140.6670834,2
5319701088,36.6148994,140.6684618,6
5319701089,36.6145646,140.6684117,2
5319701090,36.6142081,140.6691081,6
5319701092,36.6136665,140.6703223,6
5319701093,36.6138812,140.6731458,6
5319701095,36.6137316,140.6722656,6
5319701098,36.613384,140.6735409,6
5319701099,36.6133786,140.6736949,2
5319701102,36.6133199,140.6725435,6
5319701103,36.6130349,140.6736774,2
5319701104,36.6125468,140.6733222,6
5319701111,36.6139656,140.6764715,2
5319701112,36.6137172,140.67511,6
5319701120,36.6121506,140.6762934,8
5319701226,36.6110922,140.6776933,2
5319701232,36.6095284,140.6772332,6
5319701233,36.6095442,140.6760105,6
5319701239,36.6086587,140.6758249,6
5319701240,36.6087666,140.6763535,2
5319701242,36.6090756,140.6766148,6
5319701243,36.6091625,140.6770494,6
5319701245,36.6093184,140.6765488,2
5319701246,36.6091396,140.6764498,2
5319701247,36.6097461,140.6773361,6
5319701248,36.6098151,140.6770575,2
5319701249,36.6092655,140.6753855,2
5319701250,36.6109623,140.6752061,2
5319701252,36.6115614,140.6747377,6
5319701261,36.6103171,140.6751107,6
5319701262,36.6112396,140.6754774,6
5319701264,36.6117033,140.6753161,6
5319701265,36.6119611,140.6755155,2
5319701272,36.6125125,140.6744397,6
5319701273,36.6122393,140.6738594,6
5319701274,36.6118257,140.6736609,2
5319701275,36.612557,140.6714427,6
5319701280,36.612333,140.6723145,6
5319701282,36.6108575,140.6707315,6
5319701283,36.610395,140.6704202,6
5319701285,36.6108,140.6721165,2
5319701287,36.6094342,140.6717591,6
5319701288,36.6100933,140.6718484,6
5319701290,36.6092541,140.6723883,6
5319701291,36.609852,140.6724678,6
5319701299,36.6082321,140.6741331,6
5319701300,36.6082919,140.67452,6
5319701305,36.606593,140.6746883,6
5319701309,36.6082888,140.674122,6
5319701310,36.6082132,140.6735777,6
5319701311,36.6080163,140.6735817,2
5320063411,36.6069836,140.6711707,6
5320063412,36.6072809,140.6706117,6
5320063413,36.6072514,140.6709321,2
5320063416,36.6059598,140.6729188,2
5320063417,36.6075739,140.6730262,6
5320063419,36.6077408,140.6735356,2
5320063420,36.6084043,140.6729793,6
5320065926,36.6086216,140.6723235,2
5320065927,36.6091186,140.6715322,2
5320065931,36.6092971,140.6710957,6
5320065934,36.6105386,140.6719088,6
5320065935,36.6103663,140.6718854,6
5320065942,36.6095585,140.6735132,6
5320066879,36.617378,140.6604052,2
5320066880,36.6169383,140.6609758,6
5320066889,36.6164688,140.6610215,2
5320066895,36.6162312,140.6622102,6
5320066896,36.6160753,140.6626772,2
5320066897,36.6144862,140.6610629,6
5320066901,36.6137187,140.659963,2
5320066904,36.6145317,140.6607018,6
5320066905,36.6142735,140.6605469,2
5320066906,36.6144488,140.6612374,6
5320066907,36.6139947,140.6609662,2
5320066908,36.6137766,140.6611909,2
5320066912,36.6140796,140.6621431,6
5320066913,36.6139446,140.6616912,6
5320066914,36.6140994,140.6614904,2
5320066917,36.6144811,140.6624346,6
5320066920,36.6149273,140.6624955,6
5320067024,36.6148586,140.6620202,2
5320067026,36.614863,140.6622255,2
5320067029,36.6148629,140.6612504,2
5320067031,36.6144648,140.6611626,6
5320067033,36.6123286,140.6599728,2
5320067038,36.6135407,140.6587422,6
5320067039,36.6138403,140.6584871,6
5320067042,36.614143,140.65898,2
5320067043,36.6140026,140.6579714,2
5320067044,36.6139493,140.6581408,6
5320067055,36.6094632,140.6607529,2
5320067056,36.6054928,140.6609613,2
5320067057,36.6055098,140.6612705,6
5320067058,36.6050982,140.6612809,6
5320067059,36.6051218,140.6620786,6
5320067061,36.6055478,140.6619332,6
5320067068,36.6049222,140.662885,6
5320067069,36.6049763,140.6633342,6
5320067070,36.6054895,140.6635892,6
5320067071,36.6056874,140.6629071,2
5320067072,36.6054524,140.6637405,2
5320067073,36.6054782,140.6636352,6
5320067077,36.6060269,140.6635722,2
5320067078,36.6043644,140.6643149,6
5320067080,36.6011474,140.6625452,6
5320067081,36.6005663,140.6621894,6
5320067082,36.5993414,140.6625389,6
5320067086,36.5990138,140.6635801,6
5320067087,36.6020666,140.661824,2
5320067090,36.6016111,140.6618273,6
5320067091,36.6016514,140.6630815,2
5320067092,36.601552,140.6642151,8
5320067095,36.6008397,140.6634662,6
5320067096,36.6007033,140.6644228,6
5320067098,36.600928,140.6641033,2
5320067099,36.6001027,140.6653797,6
5320067100,36.600026,140.6655514,6
5320067103,36.599897,140.6658405,6
5320067104,36.5984317,140.6662519,6
5320067106,36.5984723,140.6661505,6
5320067107,36.5987359,140.6663209,2
5320067108,36.5980106,140.6676219,6
5320067109,36.5984189,140.6678724,6
5320067110,36.5981175,140.6673246,6
5320067111,36.5984454,140.6674786,2
5320067112,36.5997813,140.6699087,6
5320067113,36.5996867,140.6701324,6
5320067119,36.599219,140.6710101,2
5320067120,36.5994961,140.6704723,6
5320067222,36.599287,140.6702505,2
5320067224,36.5984218,140.6688546,6
5320067227,36.5984573,140.6665736,2
5320067228,36.5857441,140.6597338,6
5320067229,36.5856289,140.6601016,6
5320067230,36.5853234,140.6608744,6
5320067231,36.5860886,140.6603215,6
5320067232,36.5845443,140.6599723,6
5320067233,36.5842821,140.6597971,2
5320067235,36.5838796,140.6594169,6
5320067240,36.5828446,140.6586003,6
5320067241,36.5826189,140.6590161,6
5320067242,36.5828624,140.6592094,6
5320067243,36.5824114,140.6601204,8
5320067245,36.5829759,140.660584,6
5320067246,36.581723,140.6595718,8
5320067252,36.580751,140.658399,6
5320067253,36.58096,140.6581473,6
5320067254,36.5812875,140.6577344,6
5320067257,36.5804786,140.6580747,6
5320067270,36.5759999,140.654108,6
5320067274,36.5763742,140.653152,6
5320067275,36.576505,140.6532795,6
5320067277,36.5764362,140.6537242,6
5320067278,36.5762138,140.6542762,6
5320067280,36.5771113,140.6542746,6
5320067283,36.577424,140.6539322,2
5320067284,36.5775384,140.6554804,6
5320067287,36.5780615,140.6551216,2
5320067291,36.5773254,140.6552903,6
5320067295,36.5756325,140.6526959,6
5320067297,36.5754072,140.6530162,2
5320067298,36.574927,140.6517041,2
5320067301,36.5727643,140.6520757,6
5320067309,36.5726035,140.6509092,2
5320067310,36.5732429,140.651164,2
5320067312,36.5725922,140.6513243,6
5320067313,36.5727787,140.651823,6
5320067422,36.5734141,140.6510195,2
5320067423,36.5710601,140.6509707,6
5320067433,36.5718546,140.6524286,2
5320067434,36.571762,140.6515746,6
5320067437,36.5713366,140.6520656,2
5320067438,36.5729534,140.652145,6
5320067445,36.571939,140.6517112,6
5320067447,36.5719786,140.6512801,6
5320067449,36.5720628,140.6506506,6
5320067451,36.5718101,140.6505632,2
5320067457,36.5715776,140.6503991,2
5320067458,36.5746119,140.6492538,6
5320067461,36.5737987,140.6505055,2
5320067462,36.5745806,140.6506195,6
5320067463,36.5734726,140.6506826,6
5320067465,36.5735653,140.650082,6
5320067472,36.5731119,140.6496032,6
5320067473,36.573063,140.6491603,6
5320067477,36.5722694,140.649689,6
5320067480,36.5721115,140.6502306,8
5320067486,36.571751,140.64765,6
5320067490,36.5723531,140.6476575,8
5320067491,36.5728354,140.6471538,6
5320067496,36.5725731,140.6474247,6
5320067497,36.5746089,140.6497031,6
5320067500,36.5745956,140.6501326,6
5320067502,36.5731848,140.6502714,2
5320067504,36.5728517,140.6504764,6
5320067505,36.5726797,140.6493747,6
5320067508,36.5727046,140.6497864,2
5320067512,36.5730656,140.6485591,6
5320067514,36.5730186,140.6482267,2
5320067515,36.572803,140.6486727,6
5320067516,36.5728485,140.6492809,6
5320067517,36.5725802,140.6483811,6
5320067724,36.5739695,140.6481762,6
5320067730,36.5745999,140.6486279,6
5320067739,36.57341,140.6467423,8
5320067742,36.5728439,140.6468916,6
5320067743,36.5722443,140.6464992,8
5320067745,36.5717478,140.6473398,6
5320067761,36.5749903,140.6470367,6
5320067765,36.5750517,140.6478373,6
5320067766,36.5735968,140.6479152,6
5320067769,36.5733519,140.6475805,6
5320067770,36.5734213,140.6477272,6
5320067772,36.5730474,140.6478151,2
5320067773,36.5735339,140.6478479,6
5320067776,36.571792,140.646638,6
5320067790,36.5712407,140.6454098,6
5320067792,36.5713789,140.6449094,8
5320067793,36.5720951,140.6448354,6
5320067801,36.5711195,140.6453321,6
5320067803,36.5706813,140.645574,6
5320067804,36.5703892,140.645912,2
5320067807,36.575553,140.6452715,6
5320067809,36.5754531,140.6463834,6
5320067810,36.5754708,140.6459948,6
5320067813,36.573621,140.6460383,6
5320067814,36.5751754,140.6450019,6
5320067816,36.5750869,140.645253,6
5320067817,36.5750748,140.6457141,6
5320067820,36.5739771,140.645028,8
5320068226,36.5738954,140.6462783,2
5320068227,36.5739044,140.6459562,6
5320068229,36.574087,140.644539,6
5320068230,36.574296,140.645235,6
5320068231,36.5742504,140.6458559,6
5320068232,36.5736535,140.6452021,6
5320068236,36.5732243,140.6459274,2
5320068237,36.5721342,140.6478992,6
5320068238,36.5721729,140.64739,2
5320068239,36.5718684,140.641282,6
5320068241,36.572287,140.6415522,6
5320068243,36.5714669,140.6426444,6
5320068245,36.5719652,140.6427326,6
5320068247,36.5717772,140.640425,6
5320068254,36.5726232,140.6388871,6
5320068255,36.5717266,140.6389262,6
5321277255,36.5785381,140.6292926,6
5321277259,36.5787466,140.6304753,8
5321277262,36.5783526,140.630346,2
5321277263,36.5789093,140.6292348,6
5321277264,36.579046,140.6304342,6
5321277265,36.5785151,140.6297604,2
5321277270,36.5775343,140.6302923,6
5321277271,36.577777,140.6298886,6
5321277274,36.577322,140.6302103,6
5321277275,36.5781751,140.629125,6
5321277277,36.5777178,140.6291298,6
5321277278,36.5799682,140.629271,6
5321277279,36.5794084,140.6287322,6
5321277280,36.579691,140.6285429,6
5321277281,36.5795954,140.6283224,6
5321277282,36.5800504,140.6268639,8
5321277283,36.5778316,140.6278871,6
5321277284,36.5788802,140.6275537,6
5321277285,36.5795246,140.6236254,6
5321277288,36.5784995,140.6255895,8
5321277289,36.5795383,140.6244574,6
5321277290,36.5793598,140.6259841,8
5321277291,36.5801932,140.6263903,6
5321277292,36.5794622,140.6256048,6
5321277293,36.5787802,140.6252836,6
5321277294,36.5795368,140.6251998,6
5321277295,36.5790781,140.6249589,6
5321277296,36.5790883,140.6269041,8
5321277297,36.5777837,140.6262869,6
5321277298,36.578118,140.6264395,6
5321277299,36.5781441,140.627773,6
5321277300,36.5784134,140.6265795,6
5321277301,36.578438,140.6276735,6
5321277302,36.5784257,140.6270295,6
5321277303,36.5789642,140.6272914,6
5321277304,36.5786733,140.627615,6
5321277305,36.5789331,140.6287096,6
5321277306,36.5791363,140.6276967,6
5321277307,36.579362,140.6270158,6
5321277308,36.579323,140.6281716,6
5321277309,36.5799191,140.6272732,8
5321277310,36.580494,140.6275494,8
5321277312,36.5802023,140.6274113,6
5321277313,36.5799108,140.6284071,6
5321277314,36.5796337,140.6271459,6
5321277315,36.5788269,140.6282975,6
5321277317,36.5783128,140.627718,6
5321277318,36.5778189,140.6274323,6
5321277320,36.5774881,140.6281366,6
5321278221,36.5778337,140.6281247,6
5321278222,36.5774848,140.6294599,6
5321278223,36.5782124,140.6264739,6
5321278225,36.578403,140.6258533,6
5321278226,36.5777964,140.6255327,6
5321278227,36.5777599,140.6257343,6
5321278228,36.5772191,140.6254502,6
5321278230,36.5774879,140.6261555,2
5321278233,36.5778554,140.6253211,6
5321278234,36.5774964,140.6251217,6
5321278236,36.5782847,140.6241263,6
5321278240,36.5784022,140.6229608,8
5321278241,36.5782199,140.6230116,6
5321278244,36.5780303,140.6236392,2
5321278245,36.5786889,140.6228762,8
5321278248,36.578701,140.6242246,6
5321278249,36.5795506,140.6249669,6
5321278250,36.5825646,140.6249012,6
5321278251,36.5810157,140.623669,6
5321278252,36.5810396,140.6249515,8
5321278253,36.5819722,140.6249166,8
5321278254,36.581994,140.6257599,6
5321278255,36.581063,140.6258025,6
5321278256,36.5819817,140.6253371,6
5321278257,36.5810533,140.6253832,6
5321278258,36.5819629,140.6244976,6
5321278259,36.5810416,140.6245229,6
5321278260,36.5819491,140.6240666,6
5321278261,36.5810288,140.6241012,6
5321278262,36.5816885,140.6257762,6
5321278263,36.5813792,140.6257867,6
5321278264,36.5813973,140.6268997,6
5321278265,36.5810799,140.6262766,6
5321278266,36.5803305,140.6259117,6
5321278267,36.5788349,140.6240872,6
5321278268,36.5792763,140.624743,6
5321278269,36.5790491,140.6244117,8
5321278270,36.5782639,140.6252404,6
5321278271,36.5804154,140.624095,6
5321278272,36.5795304,140.6240542,8
5321278273,36.5801213,140.6240761,6
5321278274,36.5801428,140.6249663,8
5321278275,36.5798258,140.6240613,6
5321278276,36.5798477,140.6249606,8
5321278277,36.5804048,140.6236692,6
5321278278,36.5804389,140.6249605,8
5321278279,36.5807364,140.6249554,8
5321278280,36.5805922,140.6236827,6
5321278282,36.5797192,140.6231348,6
5321278283,36.5797139,140.6236159,6
5321278288,36.5790392,140.6238823,6
5321278291,36.5822674,140.6249077,8
5321278292,36.5822953,140.6258677,6
5321278293,36.5825794,140.6255361,6
5321278294,36.5829553,140.6247667,6
5321278295,36.5827939,140.6247572,2
5321278296,36.5802896,140.6281938,6
5321278297,36.5808975,140.626191,6
5321278304,36.5806168,140.6260654,8
5321278307,36.5796348,140.6261199,6
5321278314,36.5799033,140.6262525,6
5321291982,36.577955,140.6221751,6
5321291984,36.5784726,140.621682,6
5321291987,36.5798021,140.6227769,6
5321291988,36.5792809,140.6214632,6
5321291989,36.579517,140.622769,6
5321291990,36.5790106,140.6215344,6
5321291991,36.5792319,140.6227682,6
5321291992,36.5787478,140.6216042,8
5321291993,36.5789635,140.622794,6
5321291994,36.5778884,140.6217617,6
5321291995,36.5777759,140.6215607,6
5321291996,36.5779275,140.6205815,8
5321292001,36.5778386,140.6211388,6
5321292002,36.5756885,140.6206715,6
5321292003,36.5754322,140.6223214,6
5321292005,36.5757512,140.6202568,6
5321292006,36.5778982,140.6207516,6
5321292010,36.5765812,140.6199997,6
5321292014,36.5756266,140.6210809,6
5321292015,36.5767276,140.6216158,2
5321292016,36.5767671,140.6213522,8
5321292017,36.5768286,140.6209192,8
5321292018,36.5768868,140.6205184,8
5321292019,36.5769501,140.6200814,6
5321292020,36.5765297,140.6213018,6
5321292229,36.5758208,140.622412,6
5321292230,36.5760714,140.6220321,6
5321292231,36.5754959,140.6219155,6
5321292232,36.576261,140.6216592,6
5321292233,36.5755598,140.6215076,6
5321292234,36.5761608,140.6194596,2
5321292235,36.576652,140.6195736,8
5321292236,36.5785102,140.6200046,6
5321292240,36.5783994,140.6214007,6
5321292247,36.579205,140.6204287,6
5321292248,36.5776068,140.6193675,6
5321292249,36.5775592,140.619787,6
5321292250,36.5772548,140.6197113,6
5321292252,36.5770769,140.6201095,6
5321292253,36.5797172,140.6223041,6
5321292256,36.5787185,140.6231001,6
5321292257,36.5789717,140.6230352,2
5321292258,36.5811606,140.6230945,6
5321292259,36.581148,140.6222884,6
5321292265,36.5817159,140.623085,6
5321292266,36.582419,140.6225795,6
5321292267,36.5811538,140.6226161,6
5321292268,36.5809493,140.6236743,6
5321292269,36.580912,140.6232264,6
5321292270,36.5817193,140.6231531,6
5321292271,36.5808164,140.6225403,6
5321292274,36.5796591,140.6307618,8
5321292275,36.5793243,140.6306692,2
5321292276,36.5797363,140.6304218,8
5321292277,36.5793412,140.63026,2
5321292278,36.5799269,140.6308065,2
5321292279,36.5798966,140.6304484,2
5321292280,36.5798113,140.6300653,6
5321292281,36.5795879,140.629917,2
5321292282,36.5798702,140.6311786,2
5321292283,36.5790353,140.6320327,6
5321292284,36.5787186,140.6317352,2
5321292285,36.578427,140.6326655,6
5321292287,36.5779065,140.6316381,6
5321292288,36.5774853,140.6315853,6
5321292290,36.578025,140.6328788,6
5321292291,36.57775,140.6331388,6
5321292292,36.5773831,140.6322351,6
5321479063,36.5788407,140.6352824,2
5321479065,36.5785588,140.6353749,6
5321479067,36.5782824,140.6356666,6
5321479070,36.5785612,140.6359409,6
5321479072,36.5781873,140.6355646,6
5321479073,36.578322,140.6353689,2
5321479074,36.5785756,140.6359588,6
5321479075,36.5781653,140.6364576,2
5321479076,36.5792215,140.6364841,2
5321479079,36.5791924,140.6368768,2
5321479081,36.5771101,140.6354529,6
5321479084,36.5775718,140.6333673,6
5321479093,36.5779199,140.6336944,6
5321479095,36.5778539,140.6345444,6
5321479096,36.5788502,140.632362,6
5321479097,36.578614,140.6320837,2
5321479098,36.5793002,140.6317592,6
5321479099,36.5790739,140.6315277,2
5321479100,36.5787377,140.6311609,6
5321479101,36.5788384,140.6309354,2
5321479102,36.5734932,140.6297233,6
5321479105,36.5736865,140.6293368,6
5321479106,36.5735232,140.6288872,6
5321479109,36.5729161,140.6284149,6
5321479110,36.5726344,140.6286634,6
5321479114,36.5726539,140.629395,6
5321479115,36.5729928,140.630668,2
5321479116,36.5738048,140.6313708,6
5321479119,36.5735349,140.6305836,2
5321479120,36.5709715,140.6332201,6
5321479321,36.5718227,140.6336448,2
5321479322,36.5716103,140.6335388,6
5321479325,36.572511,140.6334669,6
5321479336,36.5715442,140.6350863,6
5321479337,36.5716131,140.6348251,6
5321479338,36.5707797,140.6344634,6
5321479340,36.570984,140.6337381,6
5321479341,36.5708335,140.6336005,6
5321479342,36.5708213,140.6336273,6
5321479343,36.5700664,140.6332369,6
5321479344,36.5709241,140.6327955,2
5321479346,36.5708684,140.6334945,6
5321479347,36.5708789,140.6330982,6
5321479349,36.5703511,140.6333842,6
5321479351,36.5711711,140.6326969,6
5321479352,36.5707224,140.6324572,2
5321479353,36.5711197,140.6332941,6
5321479355,36.5699957,140.6334469,6
5321479356,36.5693704,140.6331705,6
5321479358,36.5702408,140.6324515,2
5321479359,36.5696795,140.6333088,6
5321479361,36.569547,140.6326434,6
5321479363,36.5691578,140.6338024,6
5321479364,36.5698192,140.6340133,6
5321479366,36.5682288,140.6344523,8
5321479367,36.5684648,140.6336519,2
5321479368,36.5680904,140.634995,2
5321479369,36.5656537,140.6340911,6
5321479371,36.56577,140.6346856,2
5321479372,36.5639712,140.6327916,6
5321479373,36.5634754,140.6325499,6
5321479374,36.5634973,140.6341654,6
5321479375,36.563006,140.6339042,8
5321479376,36.5625367,140.6336482,8
5321479377,36.5608488,140.6354397,8
5321479380,36.560268,140.6349043,6
5321479381,36.5597437,140.6364093,6
5321479385,36.5611139,140.6368345,6
5321479386,36.5607592,140.6370125,6
5321479389,36.5597992,140.6376654,6
5321479390,36.5616349,140.6391053,6
5321479391,36.5616614,140.6385155,6
5321479395,36.5618363,140.6385329,6
5321479396,36.5621323,140.6374377,8
5321479400,36.5621036,140.6377583,2
5321479401,36.5616549,140.6375018,6
5321479402,36.5618626,140.6376185,2
5321479403,36.562861,140.6369782,10
5321479407,36.5636475,140.6364992,6
5321479408,36.5633058,140.6367554,6
5321479413,36.564553,140.6380041,6
5321479417,36.5643418,140.638935,6
5321479421,36.5649796,140.6402097,6
5321479422,36.5643101,140.639376,6
5321479423,36.5639908,140.639276,6
5321479425,36.5641523,140.6393343,6
5321479426,36.5627229,140.6379138,6
5321479427,36.5626048,140.6381362,2
5321479428,36.5648648,140.6362746,8
5321479430,36.5665921,140.6370311,6
5321479435,36.5653546,140.6373678,8
5321479436,36.5651943,140.6370218,6
5321479437,36.5649912,140.6371717,6
5321479439,36.5641103,140.6364136,6
5321479446,36.565167,140.6320943,6
5321479447,36.5648853,140.6322763,2
5321479448,36.5644249,140.6321602,6
5321479449,36.5642289,140.6320426,6
5321479450,36.5646082,140.6325114,2
5321479451,36.5640863,140.632457,6
5321479452,36.5643546,140.6329971,2
5321479453,36.5641831,140.6321758,6
5321479454,36.5639175,140.6320178,2
5321479455,36.5635749,140.6321918,6
5321479457,36.5641196,140.6323603,6
5321479458,36.562554,140.6326943,6
5321479459,36.5620414,140.6319639,6
5321479460,36.562175,140.6314283,6
5321479461,36.5602862,140.6314406,6
5321479462,36.5608365,140.6321895,6
5321479463,36.5602686,140.6291974,6
5321479465,36.5595224,140.6293346,6
5321479466,36.5602868,140.6293098,6
5321479467,36.5606157,140.6292914,2
5321479468,36.559816,140.6258804,2
5321479470,36.5594938,140.6264891,6
5321479471,36.5601246,140.6260274,2
5321479472,36.558656,140.6244266,2
5321479473,36.5583113,140.6231305,6
5321479474,36.5579601,140.6236557,2
5321479475,36.5577286,140.6236345,2
5321479482,36.559132,140.6229728,6
5321479483,36.5588043,140.6221513,2
5321479485,36.5586766,140.6228568,6
5321479486,36.5580235,140.6225848,6
5321479488,36.5576881,140.6231117,2
5321479489,36.5579007,140.622328,6
5321479490,36.5575968,140.6227663,2
5321479491,36.5565717,140.6223447,6
5321479492,36.5563609,140.6220872,2
5321479497,36.5550211,140.6189286,8
5321479499,36.5550281,140.6184803,6
5321479500,36.5553316,140.6183664,6
5321479501,36.5585355,140.6140111,6
5321479502,36.5577176,140.6134029,6
5321479503,36.5575419,140.6137728,6
5321479504,36.5584209,140.6134594,6
5321479505,36.5586809,140.6121732,6
5321479506,36.5581228,140.6117653,6
5321479507,36.5575978,140.6128427,8
5321479508,36.5570951,140.6138681,6
5321479510,36.5587614,140.6150668,6
5321479512,36.5588023,140.6155459,6
5321479513,36.5581735,140.6158706,6
5321479515,36.5590518,140.6160803,6
5321479517,36.5591357,140.6167714,6
5321479518,36.5579084,140.6151858,6
5321479519,36.5573894,140.6148433,2
5321479525,36.5586318,140.6109182,6
5321479527,36.5590589,140.6114507,6
5321479529,36.5595622,140.6117402,6
5321479533,36.5596795,140.6109963,2
5321479534,36.5593791,140.60994,6
5321479540,36.5597768,140.6092983,6
5321479541,36.5595397,140.6090839,2
5322949260,36.563503,140.6258827,2
5322949266,36.5638528,140.626884,6
5322949267,36.5652841,140.6245307,6
5322949268,36.5654428,140.6252659,6
5322949272,36.5661174,140.6253162,6
5322949273,36.5660908,140.6249673,6
5322949276,36.565932,140.6254671,6
5322949277,36.5668318,140.625023,6
5322949278,36.5671795,140.6254955,2
5322949279,36.5671796,140.6246695,6
5322949280,36.567894,140.6256477,6
5322949281,36.5673325,140.6245895,6
5322949282,36.5679878,140.6255225,8
5322949284,36.5684014,140.625911,8
5322949286,36.5685118,140.6265108,6
5322949287,36.5689681,140.6266678,6
5322949288,36.5669174,140.6238553,6
5322949289,36.5663607,140.623917,6
5322949290,36.5669923,140.6242182,6
5322949291,36.5663971,140.6242965,6
5323518979,36.5684037,140.6244358,6
5323518982,36.5676693,140.624249,6
5323518983,36.5682154,140.6249744,6
5323518985,36.5674586,140.6244837,6
5323518986,36.5678148,140.6249928,2
5323518993,36.5685593,140.6255295,2
5323518994,36.5685499,140.6249533,6
5323518995,36.5686419,140.6246217,6
5323518997,36.568744,140.6239771,2
5323519006,36.5691406,140.6257399,6
5323519007,36.5693861,140.6247422,6
5323519009,36.5691341,140.6253096,6
5323519010,36.5689026,140.6272605,6
5323519011,36.5692157,140.6272846,2
5323519012,36.566694,140.6251389,6
5323519018,36.5672187,140.6218387,2
5323519019,36.564964,140.6233741,6
5323519020,36.5649378,140.6229838,2
5323519123,36.5632862,140.625022,6
5323519124,36.5616707,140.6239676,6
5323519125,36.5621702,140.6247696,6
5323519126,36.5611175,140.6234866,6
5323519129,36.5614728,140.6241534,6
5323519130,36.5894685,140.6364071,2
5323519135,36.588672,140.6372153,6
5323519142,36.5890441,140.6372957,6
5323519144,36.5900098,140.6372344,6
5323519148,36.590222,140.6381958,6
5323519155,36.5897053,140.6407583,6
5323519158,36.5889053,140.6399733,6
5323519159,36.5899051,140.637249,6
5323519164,36.5895826,140.6372938,6
5323519167,36.5899616,140.6367282,2
5323519168,36.5899086,140.638444,6
5323519171,36.5892944,140.6378535,2
5323519172,36.5898881,140.6384554,6
5323519173,36.5900515,140.6387059,2
5323519174,36.5905135,140.6384982,2
5323519177,36.586007,140.6369661,6
5323519191,36.5873438,140.6376627,6
5323519192,36.5876791,140.6376816,8
5323519198,36.587724,140.6385782,6
5323519202,36.5885514,140.6382794,8
5323519206,36.5880669,140.6379469,6
5323519207,36.5874674,140.6386249,6
5323519208,36.5876425,140.6368273,2
5323519209,36.5876585,140.6371999,6
5323519210,36.5877966,140.6372051,2
5323519211,36.587669,140.6374443,6
5323519212,36.5878724,140.6375121,2
5323519213,36.5876384,140.6378596,2
5323519214,36.5870436,140.6385941,2
5323519217,36.5871272,140.6392674,6
5323519218,36.5880196,140.6390159,6
5323519224,36.5891098,140.6394921,6
5323519225,36.5868802,140.6441149,6
5323519227,36.5873271,140.6437706,6
5323519230,36.5874768,140.6430141,6
5323519231,36.5868712,140.6426735,6
5323519232,36.5869076,140.6424091,8
5323519241,36.588995,140.6421468,2
5323519242,36.5886588,140.6421683,6
5323519246,36.5889098,140.6430499,2
5323519247,36.5887397,140.6426583,6
5323519250,36.588248,140.6429983,6
5323519252,36.5885278,140.6431923,8
5323519253,36.5886946,140.6426354,6
5323519263,36.5876644,140.6448439,6
5323519264,36.5880164,140.6441677,6
5323519267,36.5897908,140.6430421,2
5323519277,36.5882658,140.6453958,6
5323519278,36.5881316,140.643906,6
5323519280,36.5888228,140.6443934,6
5323519281,36.588364,140.6434875,6
5323519283,36.5889102,140.6435976,6
5323519285,36.5892096,140.6436086,2
5323519287,36.5891564,140.6434015,2
5323519288,36.5888202,140.6433433,2
5323519289,36.5890291,140.6440609,6
5323519291,36.5882854,140.6436289,6
5323519292,36.5870641,140.6456912,2
5323519296,36.5872438,140.64701,6
5323519297,36.5855837,140.6448978,6
5323519300,36.5866396,140.6448717,6
5323519301,36.5852168,140.6439854,6
5323519304,36.5847018,140.643459,6
5323519305,36.5824083,140.6440971,6
5323519306,36.5835826,140.6439397,6
5323519307,36.5829776,140.6440234,6
5323519308,36.5828976,140.6446774,8
5323519309,36.5829429,140.6442477,6
5323519311,36.5824577,140.6445181,6
5323519312,36.5829198,140.6444674,6
5323519313,36.5827227,140.6433482,6
5323519316,36.5823754,140.6436457,6
5323519318,36.5815814,140.6444559,8
5323519320,36.5815601,140.6437482,6
5323519321,36.581746,140.6437217,6
5323519322,36.5822034,140.6440272,8
5323519323,36.5815822,140.6440986,6
5323519325,36.5804342,140.6449618,6
5323519330,36.5812654,140.643768,6
5323519337,36.5819523,140.6419808,6
5323519338,36.5807977,140.6449402,6
5323519342,36.5815739,140.6439663,6
5323519343,36.5809985,140.6445378,6
5323519344,36.5815537,140.6448431,8
5323519345,36.5816999,140.646511,6
5323519346,36.5823476,140.6464121,6
5323519347,36.581584,140.6451886,8
5323519348,36.5820163,140.645141,6
5323519349,36.5821189,140.6462519,6
5323519350,36.5816807,140.6462912,6
5323519351,36.5820509,140.6455155,6
5323519352,36.5816171,140.6455662,8
5323519355,36.5820828,140.6458613,6
5323519356,36.5816476,140.6459136,6
5323519357,36.5818438,140.6398673,6
5323519360,36.5816234,140.6397211,8
5323519364,36.582154,140.6390192,2
5323519365,36.5805825,140.6390265,6
5323519367,36.5798704,140.6385359,6
5323519368,36.5789077,140.6377181,6
5323519372,36.5794434,140.6394369,6
5323519374,36.5777974,140.6384788,6
5323519377,36.5773356,140.6381695,6
5323519378,36.5770593,140.6379844,6
5323519379,36.5768996,140.6383653,2
5323519380,36.5793912,140.6490101,6
5323519383,36.5781892,140.6501239,8
5323519385,36.5765109,140.6526901,6
5323519388,36.5787551,140.6495036,6
5323519394,36.5769444,140.6486922,6
5323519395,36.5775192,140.6488544,6
5323519396,36.5772232,140.6497508,6
5323519397,36.5781915,140.6493076,6
5323519398,36.5779614,140.6498408,6
5323519403,36.5782453,140.65067,6
5323519405,36.5783296,140.6509507,6
5323519410,36.578949,140.6520281,6
5323519419,36.578623,140.6529254,8
5323519421,36.578047,140.6509755,6
5323519424,36.5774755,140.650918,6
5323519425,36.5773785,140.6500985,6
5323519426,36.5777414,140.6506222,6
5323519427,36.5772457,140.6513251,6
5323519428,36.5767778,140.6509024,8
5323519429,36.5767086,140.6494735,6
5323519431,36.5774956,140.6496966,6
5323519432,36.5776284,140.6496891,6
5323519435,36.5769145,140.6481691,6
5323519440,36.5779531,140.6490406,6
5323519441,36.5768034,140.6495625,6
5323519445,36.5769685,140.6504696,6
5323519446,36.5778426,140.6497781,6
5323519457,36.5758018,140.6520845,6
5323519460,36.5762205,140.6506632,6
5323519465,36.5722721,140.6495547,6
5323519470,36.5711607,140.6489241,2
5323519471,36.5717385,140.6481333,6
5323519472,36.5714911,140.6481334,2
5323519473,36.5740531,140.6474185,2
5323519475,36.5740824,140.6467617,6
5323519477,36.5738921,140.6466955,6
5323519480,36.5745665,140.647175,2
5323519481,36.5752307,140.6475891,6
5323519482,36.5791082,140.6515899,10
5323519484,36.578562,140.6506546,6
5323519487,36.5791252,140.6501531,6
5323519490,36.5790966,140.6493244,6
5323519491,36.5792661,140.6504764,6
5323519497,36.5795961,140.6492121,8
5323519502,36.5799525,140.6476004,6
5323519504,36.579982,140.6471424,6
5323519511,36.5808682,140.648604,6
5323519512,36.5786467,140.6481993,6
5323519514,36.5788864,140.6476581,6
5323519515,36.5792715,140.647363,6
5323519520,36.5797517,140.6476221,6
5323519635,36.5772956,140.6467196,6
5323519656,36.5814962,140.6498692,8
5323519657,36.5814871,140.6491391,6
5323519666,36.581505,140.6482773,8
5323519667,36.5827315,140.6480605,6
5323519670,36.582361,140.6499764,6
5323519679,36.5796081,140.6490175,6
5323519681,36.5736024,140.6229783,6
5323519683,36.5728955,140.62325,6
5323519684,36.5736501,140.6236137,6
5323519687,36.572944,140.6238068,6
5323519688,36.5735283,140.624141,6
5323519692,36.5734282,140.6244756,6
5323519693,36.5729894,140.6225176,2
5323519694,36.5734228,140.6225762,6
5323519695,36.5731373,140.6220769,2
5323519696,36.5733837,140.622192,6
5323519697,36.5732996,140.6260996,6
5323519698,36.5729647,140.6261546,2
5323519699,36.5703023,140.6262914,2
5323519704,36.5701925,140.6273464,6
5323519705,36.5683659,140.6277106,6
5323519707,36.5683907,140.6269298,2
5323519708,36.566682,140.6315358,6
5323519712,36.5671687,140.633817,6
5323519713,36.5671826,140.632522,6
5323519714,36.5679786,140.632323,6
5323519716,36.5672428,140.6326505,6
5323519717,36.5674038,140.6325305,6
5323519718,36.5672623,140.6322735,2
5323519719,36.5666011,140.6333486,6
5323519721,36.5676477,140.6301704,2
5323519722,36.5678965,140.6306842,6
5323519725,36.5692348,140.631049,6
5323522079,36.5680616,140.6367902,6
5323522081,36.5675763,140.6369375,6
5323522086,36.5671985,140.6383153,6
5323522094,36.5659499,140.6351062,6
5323522095,36.5659572,140.6358258,2
5651761331,36.608447,140.6753196,2
5651766165,36.6131709,140.676712,6
5664307611,36.5450841,140.6255659,6
5664307612,36.5441101,140.6253286,6
5664307615,36.5413744,140.6241806,6
5664307616,36.5414671,140.6237286,6
5711558290,36.5929728,140.6634347,6
5711558291,36.5922912,140.6631488,6
5744923611,36.5748381,140.6424207,6
5744926783,36.5741836,140.63498,6
5744926790,36.5744148,140.6364121,8
5744929509,36.5746515,140.6339413,6
5744932518,36.575953,140.6393993,6
5744934126,36.5740879,140.6390136,6
5744934135,36.5747399,140.6367351,6
5744947370,36.574496,140.6373986,6
5744947379,36.5757394,140.6368727,6
5744947382,36.5751795,140.6361861,6
5744947388,36.5765011,140.6375487,6
5744947390,36.5764404,140.6378897,6
5744947406,36.5743214,140.6383329,8
5744947408,36.5740517,140.6383043,8
5744957567,36.5760588,140.6371984,6
5744957586,36.5764997,140.6364724,6
5744957589,36.5768392,140.6367449,6
5744958136,36.5743552,140.6367246,6
5744958140,36.5734433,140.6371592,6
5744958147,36.5726247,140.6382988,6
5744958158,36.5756659,140.633381,6
5744967996,36.5729516,140.6442794,6
5744967997,36.5728081,140.6447124,6
5744969561,36.57153,140.6437434,6
5745308280,36.5689459,140.6406968,6
5745308282,36.5684508,140.6407523,6
5745308283,36.5696882,140.6383074,6
5745308288,36.5680096,140.6375799,6
5745308289,36.5684638,140.6377425,6
5745308291,36.5680142,140.6371938,6
5745308292,36.5690564,140.6395487,6
5745308294,36.5692793,140.6381043,6
5745308295,36.5689561,140.6379533,6
5745308296,36.5686546,140.6394412,6
5745308304,36.5715383,140.6364875,6
5745308319,36.5701802,140.6384745,6
5745311821,36.5696845,140.6383501,6
5745311824,36.5698875,140.6384003,6
5745311825,36.5698508,140.6353933,6
5745311828,36.5695549,140.6363616,8
5745311829,36.5694469,140.6366837,6
5745311831,36.569011,140.6379788,6
5745311832,36.5689296,140.6364112,6
5745311833,36.5683268,140.6360542,6
5745328870,36.5707529,140.6345299,6
5745328871,36.57072,140.6352314,6
5745328872,36.5705015,140.6344719,8
5745328876,36.5710175,140.6337709,6
5745351417,36.5717148,140.64171,6
5745351418,36.5708553,140.6423127,6
5745351420,36.5710844,140.6424958,6
5745351422,36.5714531,140.641052,6
5745351426,36.5715649,140.6392337,6
5745351433,36.5710963,140.6392213,6
5745351434,36.5716156,140.6402417,6
5745351436,36.5718962,140.6402352,6
5745351443,36.571358,140.6400147,6
5745351935,36.5710062,140.6426851,6
5745354319,36.5705056,140.641124,6
5745355627,36.5701383,140.6412999,6
5745355632,36.570459,140.6413141,8
5745355646,36.569991,140.641666,2
5745372311,36.5941559,140.657532,6
5745372314,36.5934179,140.6590279,6
5745372315,36.5931287,140.6588126,8
5745372317,36.593652,140.6593236,6
5745372318,36.5938293,140.6583321,6
5745372319,36.5942522,140.6585905,6
5745372320,36.592739,140.6598148,8
5745372823,36.5931695,140.6599314,6
5745372824,36.5925609,140.6564981,6
5745372825,36.5940314,140.6543941,8
5745372826,36.5950222,140.6554116,8
5745372827,36.5946708,140.6550481,8
5745372828,36.5939733,140.655768,6
5745372830,36.5944662,140.6552459,6
5745372833,36.5955985,140.6546097,8
5745372834,36.596484,140.6565386,6
5745372841,36.5956039,140.6566901,6
5745372842,36.5952443,140.6563037,6
5745372843,36.5953705,140.655142,8
5745372845,36.5947255,140.6542301,8
5745372854,36.5954431,140.6545193,8
5745380796,36.5936998,140.6540502,8
5745380797,36.5931253,140.6536371,6
5745380798,36.5933477,140.6545738,6
5745380799,36.5926827,140.6529072,8
5745380800,36.5932921,140.6533236,6
5745380801,36.5919749,140.6523968,6
5745380804,36.5924784,140.6548762,6
5745380806,36.5917946,140.6546835,6
5745380807,36.5923059,140.6551783,8
5745380808,36.5920045,140.6543642,8
5745380811,36.5910877,140.6542193,6
5745380812,36.5917089,140.6548399,6
5745381572,36.591069,140.6542578,6
5745406959,36.5956318,140.6529398,6
5745406960,36.5952263,140.6538974,6
5745406962,36.5956314,140.6521078,8
5745406963,36.595879,140.651685,8
5745406964,36.5961639,140.6509632,6
5745406965,36.5959743,140.6516965,8
5745406966,36.5965543,140.6519503,8
5745406967,36.5954158,140.6513841,6
5745406968,36.5951399,140.6528035,8
5745406969,36.594722,140.6524906,6
5745406971,36.5935498,140.6511978,6
5745406974,36.5945382,140.6506923,6
5745406975,36.5942666,140.6511152,8
5745406976,36.5939486,140.6515907,8
5745406977,36.593363,140.6527475,6
5745406978,36.5961326,140.6509434,6
5745406979,36.5961439,140.6497623,6
5745406980,36.5957585,140.6507021,6
5745406981,36.5956986,140.6494252,6
5745406982,36.594937,140.6488476,6
5745406983,36.5937971,140.64865,8
5745406984,36.5931489,140.6482742,8
5745406985,36.5946995,140.6492709,8
5745406986,36.5955159,140.6498569,6
5745406987,36.5925309,140.6479028,8
5745406988,36.5925468,140.645608,6
5745406992,36.5924707,140.6464121,6
5745406993,36.5914918,140.6480019,6
5745406994,36.5918498,140.6474023,6
5745406995,36.5876962,140.6399973,6
5745407011,36.581545,140.640803,6
5745407012,36.5817871,140.6409653,6
5745407016,36.5822358,140.6416154,6
5745407122,36.5810368,140.6411989,6
5745407123,36.5811817,140.6410432,6
5745407124,36.5816583,140.6404417,6
5745407130,36.5815789,140.6407002,6
5745407139,36.5797756,140.6424071,6
5745413165,36.5805737,140.6407044,6
5745413166,36.5804594,140.6407573,6
5745413176,36.5793951,140.6407247,6
5745413179,36.5792899,140.6405077,6
5745413180,36.579631,140.639043,6
5745431418,36.5812356,140.6484155,6
5745432431,36.5804144,140.6472321,2
5745432435,36.5666908,140.6454903,6
5745432436,36.5672113,140.6444061,6
5745432441,36.5668361,140.645196,6
5745432442,36.5675725,140.6460522,6
5745432443,36.5681367,140.6466662,6
5745432444,36.5680384,140.6468605,6
5745432449,36.567356,140.6465732,6
5745432450,36.5671884,140.646858,6
5745432453,36.5674406,140.6471109,6
5745432454,36.5677929,140.6465839,6
5745432455,36.5675302,140.6459997,6
5745432456,36.5671968,140.6464352,6
5745432457,36.5665283,140.6458689,6
5745432458,36.5680733,140.6443168,6
5745432459,36.56718,140.6444719,6
5745432460,36.5677113,140.6451798,6
5745432461,36.5682461,140.6446622,6
5745432462,36.5685834,140.6453939,6
5745432464,36.5679635,140.6449322,6
5745432465,36.5670066,140.6448371,6
5745432466,36.566508,140.6449105,6
5745448265,36.5662385,140.6376443,6
5745448266,36.5664194,140.637517,6
5745448271,36.5665595,140.6383857,6
5745448273,36.5648747,140.6375266,6
5745448274,36.5656747,140.6378359,6
5745448276,36.5647854,140.6386015,6
5745448277,36.5651141,140.6375104,6
5745448279,36.5647634,140.6383358,6
5745448280,36.5648275,140.6385966,6
5745474364,36.5617052,140.6359721,6
5745474367,36.5615509,140.6368749,6
5745474368,36.5589353,140.6367467,6
5745474369,36.5588342,140.6373529,6
5745474370,36.5591475,140.6362423,6
5745474380,36.558345,140.6367238,6
5745474381,36.5582786,140.636704,6
5745474388,36.5576877,140.6373005,2
5745474389,36.5595007,140.6344285,6
5745474390,36.5599656,140.6350642,6
5745474391,36.5576176,140.635005,6
5745474395,36.5569896,140.6340295,6
5745474396,36.5579731,140.635402,6
5745474398,36.5566951,140.6366195,6
5745474399,36.5573641,140.6359607,6
5745474400,36.5548288,140.6320153,6
5745474401,36.5556745,140.6315125,6
5745474405,36.5552079,140.632558,6
5745474406,36.5548358,140.6303512,6
5745474407,36.5546541,140.630538,6
5745474408,36.5539607,140.6303463,6
5745474409,36.5550905,140.6323816,6
5745474419,36.5539359,140.6336263,6
5745497982,36.5528955,140.6284781,6
5745497983,36.5533562,140.6291229,6
5745497984,36.5532132,140.6294133,6
5745497985,36.5526372,140.6291081,6
5745497986,36.5525284,140.6294925,6
5745497987,36.5530398,140.62974,8
5745497988,36.5532818,140.6278762,6
5745497989,36.5538851,140.6284313,8
5745497992,36.5542463,140.6289581,6
5745497993,36.5544797,140.628536,6
5745497994,36.5541891,140.6289148,6
5745497995,36.5539898,140.6292062,8
5745497996,36.5546611,140.6295621,6
5745498000,36.5530789,140.6304426,6
5745498001,36.5534858,140.6299981,6
5745498005,36.5524146,140.6312145,6
5745498006,36.5516766,140.6285398,6
5745498008,36.5516323,140.626547,6
5745498010,36.5513441,140.6254841,6
5745498011,36.5516146,140.6251296,6
5745498014,36.5513158,140.6254202,6
5745498015,36.5468819,140.6240604,6
5745498016,36.549347,140.6244546,6
5745498018,36.5484832,140.6238974,6
5745498019,36.5486761,140.6233781,6
5745498020,36.5490829,140.6242759,6
5745498621,36.5494283,140.623464,6
5745498625,36.5458122,140.6230736,8
5745498626,36.5453471,140.6236968,8
5745498631,36.5463575,140.6244176,6
5745498632,36.5461806,140.6248976,6
5745503267,36.5470671,140.6213627,6
5745503272,36.5459592,140.6230897,6
5745505782,36.5443915,140.6184293,6
5745505793,36.5454898,140.6195999,8
5745506649,36.5623062,140.6343134,6
5745506654,36.5612798,140.6348335,6
5745510824,36.5612583,140.6328238,6
5745510825,36.5617851,140.6335514,6
5745512556,36.5624827,140.6358092,6
5749466650,36.5983606,140.6519736,6
5749466653,36.5976735,140.6501651,6
5749466654,36.5973622,140.6508309,6
5749472210,36.5780389,140.6417391,6
5749472215,36.577698,140.6420497,6
5749473824,36.5772375,140.6429203,6
5749473829,36.5767488,140.642963,6
5749473830,36.5784857,140.6448865,6
5749473854,36.5763363,140.6447429,6
5749473855,36.5760101,140.6447451,6
5749480510,36.579337,140.6414501,6
5749480513,36.5792536,140.642078,6
5749480517,36.5785693,140.6412306,6
5749488140,36.5772207,140.6413025,6
5749488144,36.5764653,140.6418345,6
5749494678,36.5763931,140.6423489,6
5749494681,36.575945,140.6424068,6
5749494685,36.5755698,140.6428686,8
5749494695,36.5751391,140.6410921,6
5749501765,36.5763084,140.6429084,6
5749528654,36.57484,140.6383323,6
5749528660,36.5748083,140.6388491,6
5749528663,36.5742722,140.6387118,6
5749528664,36.5735492,140.6370638,6
5749528671,36.5726824,140.6365043,2
5749528672,36.5738099,140.6378428,6
5749528676,36.5733097,140.6372268,6
5749528681,36.5730764,140.6378968,2
5749528682,36.572376,140.6331629,6
5749528696,36.5725846,140.6336339,6
5749530961,36.5707388,140.6319133,6
5749530962,36.5704878,140.6299597,6
5749530963,36.5704038,140.6305401,6
5749530964,36.5708668,140.6306565,6
5749530965,36.5704562,140.630178,6
5749530966,36.5708709,140.6302812,6
5749530967,36.5701069,140.6304715,6
5749530968,36.5703006,140.6305163,6
5749530971,36.5707951,140.6314569,6
5749530972,36.570304,140.6309037,6
5749530973,36.5708328,140.6310359,6
5749537595,36.5711178,140.6306798,2
5749537596,36.5712295,140.6321871,6
5749537598,36.5710643,140.631147,6
5749546675,36.5756293,140.6367412,6
5749546676,36.5759518,140.6362915,2
5749572473,36.5804087,140.6529435,6
5749572476,36.580198,140.6519834,6
5749572479,36.5798888,140.6511392,2
5749572484,36.5797337,140.6528241,6
5749572491,36.5796288,140.6539224,6
5749572492,36.581491,140.6493534,6
5749580169,36.5820723,140.6493263,6
5749580170,36.5815032,140.6483628,6
5749580178,36.5810433,140.6493201,2
5749580184,36.5806373,140.6463884,2
5749589802,36.5829153,140.6404363,6
5749589960,36.5842172,140.6382564,6
5749589993,36.5850287,140.6369099,6
5749593972,36.5773995,140.6350949,6
5749601304,36.5655316,140.6352052,6
5749601305,36.5655412,140.6361559,6
5749611345,36.568538,140.648717,6
5749611346,36.5680768,140.6495506,6
5749611347,36.5657953,140.6477634,6
5749611350,36.5652044,140.6473087,6
5749611351,36.565663,140.6471306,6
5749611352,36.5655469,140.6475723,6
5749614223,36.5663544,140.646863,6
5749614224,36.5659232,140.6478618,6
5749614225,36.5668883,140.6486479,6
5749614228,36.5661342,140.6480242,6
5749614229,36.5668833,140.6479573,6
5749614230,36.5666377,140.648434,6
5749614231,36.5666311,140.647742,6
5749614232,36.5649635,140.6467809,6
5749618069,36.5637115,140.6388924,6
5754081078,36.6017723,140.6512884,6
5754081079,36.6003915,140.6496016,6
5754081080,36.6024372,140.6504511,8
5754081084,36.6016675,140.6511603,6
5754081085,36.6020248,140.6500014,6
5754081086,36.6023683,140.6495336,2
5754081088,36.6034768,140.6493647,2
5754193454,36.535661,140.628611,6
5754193456,36.5351837,140.6292081,6
5754193462,36.5349418,140.6310762,8
5754193465,36.5342355,140.6286172,6
5754193468,36.5346752,140.6313366,6
5754193471,36.5339306,140.6309518,2
5754193473,36.5337423,140.6338437,6
5754193477,36.5339356,140.634797,2
5754193478,36.537484,140.6328622,6
5754193479,36.5370845,140.6326772,6
5754193481,36.5365003,140.6323876,6
5754193482,36.5363666,140.6327419,6
5754193486,36.5373179,140.6332273,6
5754193487,36.536539,140.6328523,6
5754193488,36.5363939,140.6332164,6
5754193490,36.5360002,140.6325201,6
5754193491,36.5371507,140.6335947,6
5754193492,36.5366414,140.6320056,2
5754193493,36.5367735,140.6345636,6
5754193495,36.5358443,140.6340791,6
5754193497,36.5355249,140.6348894,6
5754193498,36.5351165,140.6346953,6
5754193514,36.5341805,140.6363608,6
5754196759,36.5371484,140.6373251,2
5754206868,36.5488234,140.6303769,8
5754213525,36.5370801,140.6337551,6
5754213546,36.536212,140.6333731,6
5754213554,36.5362697,140.6353141,6
5754213555,36.5356455,140.6332308,6
5754213563,36.5359195,140.6324767,6
5754213583,36.5351803,140.6325759,6
5754213608,36.5351426,140.6314046,2
5754214454,36.536377,140.6290174,6
5754214457,36.5369442,140.6292257,6
5754223767,36.5366094,140.6366168,6
5754223770,36.5361504,140.6354923,6
5754228558,36.5366769,140.6347096,6
5754228568,36.5385855,140.635898,6
5754228569,36.5376415,140.6326849,6
5754228571,36.5386346,140.6333995,6
5754228572,36.5386137,140.6356062,6
5754228578,36.5392539,140.6332877,2
5754233158,36.5483204,140.6262599,6
5754233160,36.5484719,140.6271655,2
5754243587,36.5479285,140.6307012,6
5754243590,36.5478058,140.6316501,8
5754251946,36.5490643,140.6298934,6
5754251952,36.5498196,140.6303853,6
5754260122,36.5487873,140.6344669,2
5761617246,36.54373,140.6194731,6
5761617250,36.5440703,140.6202392,6
5761617251,36.5462764,140.6191135,6
5761618857,36.5458473,140.6200581,6
5761618858,36.5451912,140.6223752,6
5761618863,36.5443947,140.6223847,6
5761618865,36.544153,140.6228869,6
5761618866,36.5469121,140.6214671,6
5761618867,36.5459567,140.6209659,6
5761618870,36.5454196,140.6219169,6
5761618875,36.544451,140.6202284,6
5761618876,36.5454206,140.6202616,6
5761618881,36.5450001,140.6212982,6
5761618884,36.5451648,140.621542,6
5761632000,36.5437458,140.6178894,6
5761632003,36.5447749,140.617931,6
5761632006,36.5452241,140.6169803,6
5761632007,36.5455407,140.6163428,6
5761632008,36.5452323,140.6167957,6
5761632009,36.5455813,140.6164004,6
5761632012,36.5461588,140.6156533,2
5761632013,36.5459823,140.6168668,6
5761632046,36.5473277,140.6161673,6
5761632047,36.5470202,140.6162149,6
5761632049,36.5465722,140.6156834,6
5761632050,36.5481169,140.6179718,6
5761632853,36.5478194,140.6179111,6
5761634102,36.5480155,140.6248214,6
5761634352,36.5526228,140.6253059,6
5761634454,36.5517978,140.6252421,6
5761636019,36.550969,140.6248023,6
5761636030,36.5505468,140.6237384,6
5761680045,36.576326,140.6450573,2
5761680050,36.5761741,140.6449957,2
5761680051,36.5759075,140.6451311,6
5761680558,36.5759952,140.6455821,6
5761681428,36.5757068,140.6464139,6
5761681434,36.575547,140.6470634,6
5761968799,36.5737894,140.6444669,6
5762056926,36.6083836,140.6576111,6
5762056927,36.6084504,140.6576594,6
5762056935,36.6092406,140.6573992,6
5762067569,36.6079326,140.6579672,6
5762067591,36.6097544,140.6562506,6
5762071806,36.6079677,140.6580275,6
5762078414,36.6088066,140.6581423,6
5762078423,36.6080656,140.6580406,6
5762095904,36.5823028,140.6458713,6
5762095905,36.5846867,140.645569,6
5762095906,36.5839023,140.644532,6
5762095907,36.5830889,140.6446533,6
5762095908,36.5831844,140.6457595,6
5762095909,36.5829912,140.645784,6
5762095910,36.5829146,140.644878,6
5762095912,36.5824947,140.645847,6
5762095913,36.5829441,140.6452268,6
5762095914,36.5824469,140.64529,6
5762095915,36.5829724,140.6455618,6
5762095916,36.5824756,140.6456242,6
5762102814,36.562454,140.6404565,2
5762102821,36.563195,140.640736,6
5762112224,36.5558602,140.629057,6
5762112226,36.5567539,140.6314711,6
5762112227,36.5561534,140.6321629,6
5762112228,36.5564442,140.6318211,6
5762112233,36.5555719,140.6309438,6
5762112234,36.5550616,140.6299251,6
5768012063,36.5946911,140.6536107,6
5768012064,36.5943936,140.6540405,6
5768012065,36.5941021,140.6544643,8
5768012066,36.5938252,140.6548574,6
5768012067,36.5935184,140.6552928,6
5768027033,36.5842898,140.6462179,6
5768027034,36.5845384,140.6495071,6
5768027035,36.584908,140.6461313,6
5768027036,36.5849054,140.6458346,6
5768027037,36.5847935,140.6456987,6
5768501648,36.5523908,140.6317616,6
5768501858,36.5524878,140.6316776,6
5768501880,36.5521861,140.6318071,6
5768517315,36.55254,140.6309908,6
5768517316,36.5520549,140.6306599,2
5768531936,36.5526102,140.6317123,6
5768541021,36.5382768,140.6156285,6
5768541022,36.5387015,140.6154556,8
5768541029,36.5393102,140.617569,8
5768541040,36.5348363,140.6154947,6
5768541043,36.535375,140.6152093,6
5768541262,36.5415946,140.6202455,6
5768541266,36.5408022,140.6202067,6
5768541269,36.5387831,140.6182673,6
5768541270,36.5382787,140.617733,6
5768541271,36.5353746,140.6190612,6
5768541273,36.5353781,140.6183231,8
5768541274,36.5345621,140.617939,6
5772299694,36.5521631,140.6319122,8
5774857939,36.5757532,140.6466492,6
5774878363,36.5749729,140.648997,6
5774878382,36.5767067,140.6483931,6
5774878390,36.5761304,140.6477528,6
5799345618,36.5764379,140.6462824,6
5799345621,36.5757183,140.6460197,6
5799345630,36.5759639,140.6460362,8
5799374903,36.57667,140.6460898,6
5799374905,36.5771448,140.6465584,6
5799374907,36.5765343,140.6459805,6
5799374913,36.576205,140.6463622,6
5799374914,36.576262,140.6461922,6
5799374916,36.5757914,140.6476289,6
5799374917,36.5761099,140.6461126,6
5799374918,36.5756691,140.647449,6
5799374919,36.5758241,140.6475288,6
5799386543,36.5759275,140.6461151,6
5799386550,36.5759182,140.64627,6
5799386552,36.5760355,140.6463381,8
5799389353,36.5761881,140.6464141,8
5799389354,36.5765119,140.6465804,6
5799389355,36.5759066,140.6467276,8
5799389356,36.5760567,140.6468065,8
5799389357,36.5763852,140.6469686,6
5799389358,36.5756557,140.6470239,6
5799389359,36.5757861,140.6470937,8
5799389360,36.5759388,140.6471733,8
5799389361,36.5762649,140.6473373,6
5799389366,36.5758116,140.6462352,6
5799415790,36.5768443,140.6486408,2
5799415814,36.5746092,140.6490042,6
5799434722,36.5757942,140.6457094,6
5799434733,36.5759808,140.6459129,8
5799434744,36.5762603,140.6460748,6
5799434751,36.5764246,140.6458988,6
5799434857,36.5759381,140.6458474,8
5799434870,36.5760599,140.6458371,6
5799434872,36.5761086,140.6456668,6
5799434873,36.5758456,140.6456662,6
5799434874,36.5753053,140.6476424,2
5799434895,36.5755992,140.647582,2
5799434896,36.5754317,140.6474603,6
5799434897,36.57561,140.6475514,6
5799462845,36.5747889,140.6447352,6
5799542208,36.5758793,140.6358444,6
5799542213,36.5759951,140.6356006,2
5799585499,36.5753835,140.638189,6
5799585501,36.5756518,140.6377366,2
5799585502,36.5755454,140.6381858,6
5799585505,36.5755083,140.6385238,2
5799585506,36.5755529,140.637159,6
5799585507,36.5756852,140.6373253,2
5799585508,36.5749464,140.6395059,6
5799585514,36.5752814,140.6392489,2
5799585515,36.5755647,140.6354221,2
5799585516,36.5755597,140.6356495,6
5799585517,36.5754147,140.6364806,6
5799585520,36.5751619,140.6368785,2
5799585521,36.5762553,140.6367526,2
5799585522,36.5759668,140.6370851,6
5799585523,36.5721798,140.6350229,6
5799585547,36.5715525,140.6364344,6
5799588958,36.5718754,140.6372971,2
5799588959,36.5722196,140.6393096,6
5799588961,36.5723986,140.6399939,6
5799588963,36.5720352,140.6398348,6
5799588964,36.5726432,140.6397582,6
5799588972,36.5721127,140.6409892,2
5799588973,36.5719866,140.6413593,6
5799588974,36.5712427,140.6390364,6
5799588980,36.5711024,140.6384599,2
5799588981,36.5558623,140.6335651,6
5799588989,36.554718,140.6347083,6
5799588990,36.5556338,140.6345212,2
5799588993,36.5551092,140.6352409,6
5799588994,36.5554039,140.6348008,6
5799588995,36.5556101,140.6350683,2
5801646958,36.532554,140.6162073,6
5801646959,36.532796,140.6151218,2
5810060905,36.5531554,140.6236201,6
5810060913,36.5542644,140.6243685,6
5810060915,36.5544761,140.6246309,6
5810060926,36.5554923,140.6204744,6
5810060934,36.5546659,140.6218636,8
5810060935,36.5547541,140.6218742,6
5810060938,36.5550585,140.6199063,6
5810060939,36.5542604,140.6196444,6
5810060951,36.5567214,140.6195158,6
5810063055,36.5574543,140.6193897,2
5810063236,36.5568528,140.6214006,6
5810063239,36.557368,140.6205335,2
5810063502,36.555896,140.6206825,2
5810069318,36.5549775,140.6196353,6
5810069323,36.5547996,140.6183378,2
5810069325,36.5548714,140.6189263,2
5810069327,36.5539457,140.6198321,2
5810074309,36.5545634,140.6218309,6
5810074316,36.5536094,140.6220461,6
5810082437,36.5504619,140.6189427,6
5810082438,36.55039,140.6196011,6
5810082439,36.5504463,140.6191594,6
5810082443,36.5510778,140.6197323,6
5810082444,36.5507564,140.6191984,2
5810082445,36.5482045,140.618353,6
5810082446,36.5486575,140.6184713,2
5810082447,36.548402,140.6177469,6
5810082448,36.5489347,140.6179475,2
5810082449,36.5485599,140.6173368,6
5810082450,36.549009,140.6175192,2
5810082451,36.5484996,140.6174934,6
5810082452,36.5490808,140.6177195,2
5810082753,36.550019,140.619588,6
5810082758,36.5497057,140.620728,6
5810097058,36.5533125,140.6191992,6
5810097061,36.554094,140.6191733,6
5810097065,36.5533742,140.619628,6
5810097070,36.5566882,140.6181214,8
5810097072,36.5563838,140.6186606,2
5810097074,36.5564358,140.6182046,6
5810097076,36.5560967,140.6182196,6
5810097080,36.5569302,140.6178846,2
5810097081,36.5565892,140.617804,2
5810097089,36.5545177,140.6167842,2
5810097090,36.554488,140.6169814,6
5810097097,36.5545618,140.6174101,6
5810097098,36.5547107,140.6170708,2
5810097101,36.5551636,140.6168951,2
5810097105,36.5549762,140.6178677,6
5810097106,36.5552998,140.6172063,2
5810097107,36.5552552,140.6174158,6
5810097108,36.5554408,140.6173388,2
5810097109,36.5549533,140.6170615,2
5810097110,36.5551509,140.6171384,6
5810107026,36.5513978,140.6137204,2
5810117765,36.5524234,140.6170471,2
5810117768,36.5518656,140.6166808,6
5810117769,36.5519161,140.6163749,6
5810117788,36.5539356,140.6168592,6
5810117791,36.5539678,140.6175401,6
5810117794,36.5537203,140.6166528,6
5810117795,36.5534777,140.6166127,6
5810117796,36.5532426,140.616585,2
5810117797,36.5537846,140.6164433,2
5810117798,36.5535173,140.6163816,2
5810117803,36.5533985,140.6170163,2
5810117804,36.5517644,140.6171272,6
5810117805,36.5518416,140.6173319,2
5810117806,36.5530346,140.618398,2
5810117810,36.5522426,140.6184103,2
5810117811,36.5518767,140.6185557,6
5810117812,36.5522921,140.6185335,2
5810117813,36.5519188,140.6186969,6
5810117814,36.5527005,140.6174089,2
5810117819,36.5522228,140.6180652,6
5810117822,36.5525817,140.6185058,6
5810117830,36.5529973,140.6185675,6
5810117831,36.5520273,140.6178957,6
5810117836,36.5516442,140.6176476,6
5810117839,36.5517604,140.6180892,6
5810117840,36.5496372,140.6188337,2
5810117841,36.5496932,140.6195836,6
5810117842,36.5494906,140.618603,2
5810117843,36.5495376,140.6195757,6
5810127478,36.5490435,140.6136718,6
5810127479,36.5496198,140.6133517,6
5810127485,36.5490643,140.6138021,6
5810127486,36.5490601,140.6138411,6
5810127492,36.5493017,140.614671,2
5810127500,36.5494197,140.6145117,6
5810127504,36.5501503,140.6147162,6
5810127517,36.5499869,140.6147168,6
5810127519,36.5502339,140.6147915,6
5810127532,36.549569,140.6157947,2
5810127537,36.5493227,140.6148783,6
5810127538,36.5494567,140.6149152,2
5810129242,36.5498728,140.6164685,2
5810129243,36.5494966,140.6167144,6
5810129244,36.5491699,140.6166841,2
5810129245,36.5490273,140.615982,6
5810129246,36.5489635,140.6158668,6
5810129249,36.5486798,140.6151714,2
5810129250,36.54867,140.6156434,6
5810185674,36.5722116,140.6382358,2
5810185679,36.5719733,140.6390393,6
5810185680,36.5718651,140.638356,2
5810185682,36.5735486,140.6379338,6
5810185686,36.5736306,140.6385946,6
5810185689,36.5724573,140.6376431,2
5810185691,36.5726247,140.6380837,6
5810185692,36.5725018,140.6381977,2
5810185693,36.5726247,140.6382285,6
5810185694,36.5774537,140.63751,8
5810185695,36.5770753,140.6373243,6
5810185696,36.5776805,140.637977,6
5810185697,36.5775375,140.6383047,6
5810185719,36.5764063,140.6422605,6
5810185723,36.5766569,140.6427037,2
5810246745,36.5994247,140.6501134,8
5810246817,36.5995887,140.6501604,6
5810246818,36.5991692,140.6500357,6
5810246824,36.5987223,140.6503888,2
5829813944,36.5387161,140.6149703,6
5829813955,36.5394572,140.6166492,6
5829813964,36.5390322,140.6150189,6
5829814298,36.5378154,140.6137581,6
5829814299,36.5376501,140.6136925,2
5829814301,36.5377628,140.6147604,6
5829814310,36.5373389,140.6144475,2
5829814359,36.5380176,140.6152614,2
5834590736,36.5385279,140.6132013,6
5834590737,36.5384753,140.6132014,2
5834590773,36.5390852,140.6144354,6
5834590775,36.5387991,140.6139924,2
5834590776,36.5395212,140.6144798,2
5834590779,36.5389814,140.6149889,6
5834590780,36.5389807,140.6148798,2
5836573514,36.5408327,140.6147859,6
5836573524,36.5406669,140.6146967,6
5836573528,36.5406609,140.6153932,6
5836573529,36.536386,140.6170735,2
5836573530,36.5362575,140.6173686,2
5836573531,36.5359141,140.6177805,6
5836573533,36.5354247,140.6179902,2
5836573534,36.5367245,140.6172332,2
5836573537,36.5359315,140.6179005,6
5836573542,36.540692,140.6209201,6
5836573543,36.5401439,140.620091,6
5836573544,36.5407994,140.6202248,6
5836573911,36.5380184,140.6193391,8
5838389463,36.5373921,140.6133137,6
5838389467,36.5374934,140.612972,6
5838389469,36.5350478,140.6142793,6
5838389474,36.5359294,140.6132949,6
5838389475,36.5356739,140.6134739,6
5838389476,36.5370251,140.6107248,6
5838389480,36.5354031,140.6081449,6
5838389482,36.5374249,140.6073432,8
5838389483,36.5376878,140.6076009,8
5838389989,36.5343287,140.610319,6
5838389996,36.5337552,140.6108651,6
5838389998,36.5334136,140.6120544,6
5838390000,36.5344731,140.6104862,2
5838390005,36.5343473,140.6106285,6
5838390011,36.5312234,140.6126785,6
5838390012,36.5305498,140.612877,6
5838390013,36.5306004,140.6131703,6
5838390014,36.5299176,140.6126033,6
5838390018,36.5298259,140.6135786,6
5838390019,36.5295299,140.6089081,6
5838390020,36.5302013,140.6093787,8
5838431759,36.5378787,140.6176018,2
5838431760,36.5381039,140.6179672,6
5839963723,36.5373073,140.6164965,6
5839963724,36.5373623,140.6164256,2
5840011766,36.5283941,140.6176153,6
5840011771,36.5288006,140.6177253,6
5840011772,36.528939,140.6169901,6
5840011773,36.5288206,140.6160852,8
5840011774,36.528758,140.6158928,2
5840011776,36.5284432,140.6163738,6
5840011777,36.5286031,140.6167632,2
5842053894,36.5338274,140.6160032,6
5842053895,36.5338605,140.6152336,2
5842053935,36.531232,140.614412,6
5842053939,36.5313206,140.6169152,6
5842053942,36.532099,140.6170365,2
5842053943,36.5318083,140.6170884,6
5842053950,36.5325819,140.6102134,6
5842053952,36.5329068,140.6105736,2
5842053954,36.5331901,140.6168677,6
5842053955,36.5333984,140.6164635,2
5842053956,36.5333958,140.6167751,6
5842053957,36.5341471,140.6168605,6
5842053960,36.5334163,140.615392,6
5842053961,36.5327808,140.6151901,8
5842053962,36.5326556,140.615107,6
5842053965,36.5326376,140.6145503,6
5842053966,36.5326006,140.6153187,6
5842053971,36.5322832,140.6181953,6
5842053979,36.5308473,140.6174388,6
5842054085,36.5310712,140.6180037,6
5842054086,36.531007,140.6182302,2
5842054087,36.5307767,140.6172597,6
5842054088,36.5307674,140.6171869,6
5842054096,36.5304208,140.6175365,6
5842054097,36.530273,140.6175952,6
5842054100,36.530861,140.6177196,6
5842054101,36.5298346,140.6183963,2
5842054102,36.5301074,140.618509,6
5842105648,36.6091248,140.6590599,6
5842105649,36.6091833,140.6591597,6
5842105661,36.6078163,140.6579761,6
5842105665,36.6077037,140.6579628,6
5842105674,36.6069071,140.657189,6
5842105675,36.6068785,140.6571639,8
5842105789,36.607061,140.6582123,8
5842105799,36.605924,140.6592105,6
5842105800,36.6054833,140.6584245,6
5842105802,36.6057185,140.6586267,2
5842105805,36.6068353,140.6572123,6
5842105809,36.6060399,140.6575381,6
5842105810,36.6064816,140.6579233,8
5842105818,36.6058542,140.6577952,6
5842105819,36.6056407,140.6580076,6
5842105824,36.6056656,140.6580465,2
5842105829,36.6053746,140.6573827,8
5842105864,36.6071698,140.6577183,2
5842105865,36.6071566,140.657756,6
5842105866,36.6094672,140.6570439,6
5842105877,36.6093588,140.6570096,6
5842105987,36.6092622,140.6570102,2
5842105990,36.6092504,140.6569695,6
5842105998,36.6114072,140.6551396,2
5842106005,36.6115893,140.6552257,6
5842106021,36.6107115,140.6557051,6
5842106023,36.6106649,140.6557026,6
5842106029,36.6105845,140.6562435,2
5842106038,36.6108743,140.6556732,6
5844083564,36.5344654,140.6167277,2
5844083565,36.5342871,140.6165839,6
5844099776,36.5346619,140.6158462,6
5844099778,36.5349617,140.6161913,6
5844099779,36.5360795,140.6154449,6
5844099781,36.5357289,140.6159886,6
5844132297,36.5357461,140.6083822,6
5844132304,36.5368747,140.6087155,8
5846223954,36.5292442,140.6108349,2
5846223955,36.5318044,140.6112047,6
5846223962,36.5317273,140.6098712,8
5846223965,36.5307984,140.6085067,6
5846223966,36.5319981,140.6102301,8
5846223967,36.5321435,140.6104363,6
5846223968,36.5323859,140.6095675,6
5846223969,36.5328243,140.6095113,6
5846223970,36.5339249,140.6097443,6
5846223976,36.5338457,140.6082362,6
5846223977,36.53379,140.6082398,6
5846223978,36.5337548,140.6078429,6
5846309426,36.535489,140.6092271,6
5846309427,36.5351459,140.6092842,6
5846309428,36.5399064,140.607552,6
5846309429,36.5400935,140.6078293,2
5846309430,36.54014,140.6076796,6
5846309431,36.5407145,140.6072419,2
5846309432,36.5415932,140.6076474,2
5846309433,36.541308,140.6075625,2
5846309434,36.54309,140.6084042,2
5846309435,36.5423942,140.6079712,2
5846309436,36.5423464,140.6082288,6
5846309437,36.5422096,140.6081958,6
5846309438,36.5421356,140.6085839,6
5846309444,36.5338569,140.618185,2
5849321767,36.5305987,140.6169799,6
5849321768,36.5301511,140.6172197,6
5849321769,36.5303236,140.6163766,6
5849321770,36.5303024,140.6179117,6
5849321780,36.529267,140.6165885,8
<<<<<<< HEAD
5849321950,36.5277568,140.6168624,4
=======
>>>>>>> 1e61a47e6e88ab5851de5706f3a1665c927f06cf
5851627203,36.5334882,140.6194867,6
5851627204,36.5337319,140.6187529,2
5856530148,36.5289314,140.6133075,4
5856640025,36.5449992,140.6229855,6
5856640034,36.5452076,140.6230073,6
5859099426,36.5387649,140.6182929,6
5861159395,36.5280508,140.6145445,2
5871159371,36.5584945,140.616246,8
5871161058,36.5334277,140.6184018,6
5871161382,36.5324028,140.6204563,2
5871161587,36.5327229,140.6191949,6
5873729872,36.5346091,140.6100907,2
5873729873,36.5346745,140.6102168,2
5873729874,36.5346442,140.6101593,6
5873729875,36.5347967,140.6100288,6
5873729876,36.5345755,140.6104965,2
5873729877,36.5343859,140.6106648,6
5875295512,36.5403303,140.6138037,6
5875295514,36.5402324,140.6135887,6
5875295522,36.5546714,140.6217556,6
5875295525,36.5544582,140.6207192,2
5875295526,36.5535994,140.6220941,6
5875308159,36.5298198,140.612871,2
5875308162,36.5305689,140.6130073,6
5875308166,36.5344588,140.6117035,6
5875308167,36.5349524,140.6112627,6
5875308169,36.5356166,140.6109029,6
5878932122,36.5296807,140.6199704,6
5881927603,36.552728,140.6074329,8
5881927656,36.5364477,140.6068308,8
5884974505,36.5404808,140.6282726,6
5884974507,36.5400855,140.628841,6
5884974520,36.5357951,140.6283179,2
5884974522,36.535285,140.6277924,6
5884974526,36.5352735,140.6271045,6
5884974532,36.537117,140.6265519,6
5884974534,36.5377464,140.626412,6
5884974535,36.5374394,140.6264779,6
5884974536,36.5373175,140.6255386,6
5884974540,36.5364623,140.6254795,6
5884974541,36.5361473,140.6255421,6
5884974543,36.5361704,140.6257819,6
5884974544,36.5360149,140.6257752,2
5884974547,36.535905,140.6257443,6
5884974555,36.5369902,140.6255999,6
5884974556,36.5366625,140.6256621,8
5884974628,36.5283574,140.6197831,2
5884974629,36.5283508,140.6200455,6
<<<<<<< HEAD
5884974633,36.5279176,140.6205517,4
5884974634,36.527946,140.6200039,6
=======
>>>>>>> 1e61a47e6e88ab5851de5706f3a1665c927f06cf
5887832021,36.5420554,140.6124714,2
5887832024,36.5421976,140.6138822,2
5887832026,36.541893,140.6137743,6
5887832028,36.5441004,140.5918157,2
5892723057,36.5547451,140.6274791,6
5892723061,36.5541761,140.6269324,8
5892723062,36.5537156,140.6254837,2
5892723063,36.5527066,140.6266036,2
5892723066,36.5533956,140.6273544,6
5892725067,36.5792364,140.6431693,2
5892725073,36.5791805,140.6441154,2
5892803159,36.536461,140.6122045,6
5892803160,36.5365332,140.6122112,6
5892804888,36.5304012,140.6134437,2
5892804963,36.5303045,140.6143159,6
5892804966,36.5303211,140.6142466,6
5892804967,36.5303187,140.6142567,6
5892804969,36.5303445,140.6141493,6
5892804970,36.5310741,140.6140519,2
5892804973,36.5312373,140.6141256,6
5892804978,36.5310925,140.6141384,6
5892804988,36.5302918,140.6143687,6
5896342125,36.5382258,140.6142535,6
5896342130,36.538361,140.6149355,6
5896342131,36.5377995,140.6147532,6
5896342536,36.5307411,140.6124111,6
5896656205,36.5404373,140.6213926,6
5896656206,36.5403143,140.6217854,6
5896656209,36.5404827,140.6219605,6
5896656210,36.5405667,140.6216541,6
5896656211,36.5403928,140.6215826,6
5896656217,36.5404676,140.6220189,6
5896656218,36.5402448,140.6220734,6
5896656220,36.5403282,140.6216968,6
5896656223,36.5405785,140.6214251,6
5896656224,36.5403778,140.621375,2
5896656225,36.5406128,140.6214329,6
5896656279,36.5394539,140.620032,6
5896656280,36.5393504,140.6202102,6
5896656281,36.539421,140.6200017,2
5896656282,36.5394953,140.6200701,2
5896656750,36.5382971,140.6195457,2
5896656753,36.538407,140.619083,2
5896656754,36.5388649,140.6184017,6
5896658862,36.538071,140.6077132,6
5896658866,36.5381225,140.6078057,6
5896658867,36.5383848,140.6075632,6
5896659550,36.5391289,140.6062902,2
5896660455,36.5391354,140.6108057,2
5896660456,36.5394034,140.6107921,6
5896660457,36.5387141,140.6108527,6
5896660458,36.5388606,140.6107266,2
5899656851,36.5352626,140.6106285,6
5899656856,36.5347496,140.6106108,2
5899656857,36.5347724,140.6106609,6
5899656862,36.5352763,140.6107939,6
<<<<<<< HEAD
5902009377,36.5287702,140.6138925,6
=======
5902009377,36.5287702,140.6138925,4
>>>>>>> 1e61a47e6e88ab5851de5706f3a1665c927f06cf
5902009380,36.5287745,140.6134062,4
5904053967,36.5334825,140.6071198,6
5904053969,36.5332401,140.6079152,6
5904055710,36.5316314,140.6081275,6
5906663626,36.5376353,140.6240744,6
5906663644,36.5373909,140.6242128,6
5908147103,36.5291362,140.6222116,6
5908147104,36.5295601,140.6213187,2
5908147108,36.5291398,140.6212395,6
5908147114,36.5289296,140.6212248,6
5909218852,36.5451477,140.6177714,2
5909261728,36.5914093,140.6607351,2
5909261734,36.5921943,140.6573058,6
5909660207,36.543644,140.6431482,6
5909660217,36.5418647,140.6414902,6
5909660224,36.5424143,140.641251,8
5911494913,36.5455064,140.633275,6
5911494916,36.5481709,140.6319469,6
5911757970,36.5482057,140.6114721,6
5911757975,36.5485294,140.6106316,6
5911758523,36.544502,140.6242288,6
5911758533,36.5486492,140.6210934,6
5911758536,36.5518856,140.6237322,6
5911801696,36.5435034,140.6228112,6
5911866798,36.5569296,140.6246393,8
5916169389,36.5474931,140.6422503,6
5916169640,36.5493129,140.6437379,2
5916169983,36.5461083,140.6444438,6
5916170012,36.5425829,140.6448502,6
5916170015,36.5428409,140.6439968,6
5916170016,36.5432143,140.644838,8
5916170021,36.5421567,140.643534,6
5916170022,36.5423709,140.6430157,6
5916170023,36.540826,140.6439458,2
5916170025,36.5431297,140.644175,6
5916170026,36.5430569,140.6441429,6
5916170028,36.5430138,140.6442636,6
5916170044,36.5433002,140.6447801,6
5916170826,36.5307175,140.6201854,6
5916170832,36.5317619,140.6202662,6
5916170833,36.5315558,140.6196597,2
5916171026,36.5306237,140.6266093,6
5916259797,36.5750343,140.6181249,6
5916259802,36.5756482,140.6175312,6
5916259817,36.5754848,140.6177292,2
5916259818,36.5755095,140.617874,2
5916259820,36.5753065,140.6177755,8
5916259821,36.5752053,140.6177101,6
5916260000,36.5716586,140.6178479,2
5916260006,36.5713118,140.617846,6
5918479959,36.5370422,140.6226205,6
5918479962,36.5374992,140.6210283,6
5918479964,36.5372682,140.6209437,6
5918479966,36.5367681,140.6225163,6
5918479967,36.5398151,140.6237573,6
5918479970,36.5404705,140.623813,6
5918479971,36.5405232,140.6235369,2
5918479980,36.5421804,140.6219973,6
5918479990,36.5416341,140.6210786,6
5918479994,36.5406848,140.620967,6
5918479996,36.5433893,140.62822,2
5918479999,36.5432065,140.6269443,8
5918480002,36.5433853,140.6237931,6
5918480003,36.5431167,140.6247452,2
5918480005,36.5426945,140.6240384,6
5918480006,36.5424659,140.6244045,2
5918480007,36.5426723,140.6244246,6
5918480008,36.5427257,140.6234305,6
5918480011,36.5436641,140.6261319,6
5920814505,36.5661257,140.6135976,6
5920814509,36.565685,140.6142001,2
5920814510,36.5651172,140.6138551,6
5920814513,36.5655056,140.6132127,6
5920814585,36.5606661,140.6228405,6
5920814586,36.5603054,140.622069,6
5920814588,36.5607953,140.6217683,6
5920814589,36.5605426,140.6214058,8
5920814604,36.562017,140.6263141,6
5920814626,36.5630954,140.6330634,6
5920814627,36.5633872,140.6328205,6
5920814633,36.5630271,140.6329809,6
5920814635,36.5628548,140.6331271,6
5920814636,36.5629183,140.6331197,6
5920814639,36.5626849,140.633406,6
5920814640,36.5624051,140.6332438,2
5920814648,36.5633987,140.6311459,6
5920815363,36.5595817,140.6128013,6
5921793561,36.5494498,140.6301158,6
5921793563,36.5495779,140.6302008,6
5921794853,36.5538808,140.6342764,2
5922396162,36.5367115,140.6185953,6
5922396165,36.5371384,140.6182569,6
5922437083,36.5282793,140.6347366,2
5922485332,36.5980185,140.6530939,6
5922485336,36.5977067,140.6525757,6
5922485340,36.5975467,140.652726,6
5922485344,36.5969656,140.6526841,6
5922485361,36.5965197,140.6539829,6
5923808925,36.531572,140.6127993,2
5923808926,36.53136,140.6130945,6
5924008736,36.5526062,140.6089902,6
5924008752,36.5517036,140.6087539,2
5924008753,36.5521743,140.6090328,2
5924008755,36.5525229,140.6091248,6
5924008756,36.5525008,140.6093765,6
5924008758,36.5526538,140.6089135,2
5924008759,36.5527087,140.6094794,2
5924008763,36.5521711,140.6093507,6
5924008779,36.5509021,140.6094729,6
5924008780,36.5507135,140.609698,2
5924008781,36.5505713,140.6090435,2
5924008782,36.5507178,140.6095907,6
5924010322,36.544123,140.621945,2
5924010325,36.5437739,140.6214689,6
5924010326,36.5429364,140.6211844,6
5924010328,36.5427256,140.6222199,2
5924010331,36.5430941,140.6216164,6
5924010335,36.5434365,140.6228034,6
5924010340,36.5437255,140.6218994,6
5924010348,36.5436951,140.6204478,6
5929056887,36.5292464,140.6147909,6
5929056895,36.5293982,140.6157424,6
5929056896,36.5291042,140.6144321,2
5929056899,36.5294099,140.6152072,6
5938102841,36.5448945,140.6114119,2
5938102844,36.5456354,140.6112848,6
5938102845,36.5453793,140.6114428,6
5938445812,36.5456467,140.6148523,6
5938445825,36.5447275,140.614585,2
5938445826,36.5499184,140.6107762,2
5938445828,36.5498474,140.6103099,6
5938445829,36.5496135,140.6109117,2
5938446628,36.5483663,140.6090728,6
5938446629,36.5486864,140.6088669,6
5938641259,36.5568142,140.6270962,6
5938641264,36.5569021,140.6271756,6
5938641269,36.5568104,140.6272177,6
5938641284,36.5526126,140.6238332,6
5938641286,36.552342,140.6236154,6
5938641287,36.5522727,140.623774,6
5938641288,36.552685,140.6228301,2
5938641289,36.5519123,140.6237351,6
5938641297,36.5514148,140.6226866,2
5938641298,36.5516303,140.6220374,6
5938641301,36.5516702,140.6226611,6
5938641302,36.5516755,140.6227161,6
5938641306,36.5514504,140.6236856,6
5938940602,36.5644097,140.6354154,6
5938940664,36.5642192,140.6363935,6
5938940674,36.5640905,140.6364173,6
5940830961,36.5995095,140.6477464,6
5940830964,36.5994665,140.6481019,2
5940830965,36.5993473,140.6480312,6
5940830969,36.5995117,140.648016,8
5940830976,36.5996861,140.6477443,6
5940830979,36.599685,140.6479503,6
5940831193,36.5998616,140.6477422,6
5943055761,36.5879028,140.6460641,6
5943055769,36.5880018,140.6457812,6
5943055770,36.5880548,140.6456836,6
5943055771,36.5878656,140.6460318,6
5943055772,36.5883291,140.6458975,6
5943055773,36.5879685,140.6456164,6
5943055774,36.5881673,140.6462583,6
5943055779,36.5884197,140.6455343,6
5943055780,36.5877907,140.6459668,6
5943055784,36.588517,140.6465717,6
5943057086,36.5887346,140.6463316,8
5943057087,36.5889238,140.6459993,6
5948832068,36.5302129,140.6275274,6
5948832069,36.5300525,140.6273054,2
5948832077,36.5288046,140.6272115,2
5948832078,36.5284126,140.6274086,6
5948832079,36.5287978,140.6275844,6
5948832080,36.5286175,140.6279244,6
5948833385,36.5297065,140.6284462,6
5948833386,36.5296808,140.6265644,2
5948833387,36.5294052,140.6264866,6
5948833388,36.529405,140.6263854,6
5948833393,36.5296915,140.6253909,6
5948833403,36.5312026,140.6250862,8
5948833406,36.5307821,140.626097,6
5948833407,36.5296958,140.6222534,2
5948833408,36.5301014,140.62304,6
5948833409,36.5300581,140.6226357,6
5948833410,36.5303822,140.622169,6
5948833412,36.5307498,140.6234041,2
5948833413,36.5301799,140.6235268,6
5948834069,36.5371362,140.6336276,6
5948834072,36.5372985,140.63327,6
5948834301,36.5370781,140.627893,6
5948834302,36.5371597,140.6285286,6
5948834303,36.5368392,140.6286037,6
5948834305,36.5373954,140.6278215,6
5951531104,36.5346302,140.6267166,2
5951531106,36.5348037,140.6266013,6
5951531108,36.535435,140.6267461,6
5951531109,36.5345677,140.6269459,2
5951531110,36.5344095,140.6272483,6
5951531111,36.5343705,140.6263827,2
5951531531,36.5352671,140.6255458,2
5951531532,36.5349115,140.6256451,2
5951531537,36.5353403,140.6251194,6
5951531538,36.535767,140.6252356,6
5951531599,36.53621,140.6241608,6
5951531601,36.5364567,140.6243885,2
5951531606,36.5362196,140.6246486,6
5954492062,36.5308575,140.6252803,2
5954492068,36.5318203,140.6278588,6
5954492069,36.5320807,140.6280715,6
5954492070,36.5316819,140.6282005,2
5954492071,36.5315126,140.6281072,6
5954492072,36.5321658,140.6258382,2
5954492073,36.5319956,140.6258086,6
5954492074,36.5321992,140.626215,2
5954492075,36.5323511,140.6263237,2
5954492076,36.5323888,140.62638,6
5954492077,36.5319602,140.6263374,6
5954492078,36.5321259,140.6262754,6
5954492079,36.5321862,140.6265141,6
5954492080,36.533322,140.6278431,2
5954492081,36.5329944,140.6276196,6
5954492082,36.533335,140.6276366,2
5954492083,36.5330944,140.6274793,6
5954492084,36.53253,140.6275253,2
5954493385,36.533586,140.627308,2
5954493387,36.5332194,140.6271885,6
5954493388,36.5337477,140.6268024,2
5957331013,36.5308015,140.6226115,2
5957331018,36.5314123,140.6229355,6
5957331019,36.5313373,140.6225272,6
5957331020,36.531598,140.6224541,6
5957331875,36.5330677,140.623052,2
5957331876,36.5330297,140.6228614,6
5957331877,36.5331827,140.6223554,6
5957331881,36.5331197,140.6225964,6
5957331882,36.5332035,140.6222702,2
5957331987,36.533173,140.6223949,6
5960496805,36.537907,140.6346492,2
5960496807,36.5386497,140.6350661,6
5960526867,36.5343425,140.6248847,2
5960526868,36.5334033,140.624143,6
5960526871,36.5341572,140.6237455,6
5960527035,36.5418001,140.6191742,2
5960527040,36.5412117,140.6189302,6
5960527041,36.5409976,140.618941,6
5960527069,36.5419084,140.615687,6
5960527070,36.5424412,140.6156463,6
5963217276,36.6146331,140.679705,6
5963217295,36.6157946,140.6808805,2
5963217299,36.6154539,140.680122,6
5963217301,36.6155508,140.680562,6
5963217306,36.6153662,140.6806102,6
5963217308,36.6152671,140.6802615,6
5963217309,36.6158506,140.6804064,2
5963217311,36.6152176,140.6800202,6
5963217319,36.614871,140.6796151,6
5963217327,36.6144146,140.6784028,2
5963217330,36.6144747,140.6785369,6
5963217342,36.6144942,140.6781614,6
5963217343,36.6147655,140.6780228,6
5963236596,36.6134651,140.6780219,6
5963236597,36.6117901,140.6782123,2
5963236598,36.6122875,140.6786415,6
5963236601,36.6131033,140.6785776,6
5963236602,36.6131034,140.6793094,2
5963236604,36.6128128,140.6791592,6
5963236606,36.6135965,140.6779924,2
5963236607,36.6133476,140.6773675,6
5963544858,36.5904066,140.6622239,6
5963544860,36.5903409,140.6624494,6
5963544870,36.5907549,140.6626497,6
5963544872,36.5908439,140.6624541,6
5964003793,36.6014258,140.6477156,6
5964003802,36.6009801,140.647912,6
5964003803,36.6005356,140.6478644,6
5964003806,36.600518,140.6494356,6
5964003807,36.5969993,140.6452302,6
5964003810,36.5967664,140.6451489,6
5964003816,36.5961389,140.6440569,6
5964003818,36.5967189,140.6433909,6
5964003819,36.5948738,140.6457238,6
5964003822,36.595495,140.6457818,6
5964003823,36.5955083,140.6454871,6
5964003826,36.5963161,140.6459299,6
5964003827,36.5940987,140.6414593,6
5964003848,36.5928556,140.6413967,6
5964003849,36.5930783,140.6407633,2
5964003851,36.5931537,140.6413722,2
5964003853,36.5930116,140.6412488,6
5964003855,36.5927962,140.6407553,6
5964003856,36.592947,140.6397119,2
5964003858,36.5927424,140.6402779,6
5964003863,36.5903961,140.6399355,6
5964003864,36.5911488,140.6388804,6
5964003869,36.5902901,140.6377097,6
5964003871,36.5906685,140.6375769,6
5964003879,36.5916979,140.6385773,6
5964005289,36.5925916,140.6402028,6
5964005298,36.5923033,140.6423114,6
5964005299,36.5930469,140.6423994,6
5964005300,36.5925561,140.6423807,6
5964005301,36.5923576,140.6434562,6
5964005302,36.5928156,140.6424491,6
5964005303,36.5930297,140.6431907,6
5964005305,36.5926616,140.6433047,6
5964005307,36.5924676,140.6435092,6
5964005308,36.5928947,140.643715,6
5964005309,36.5933328,140.646201,6
5964005310,36.5931125,140.645777,6
5964005317,36.5935004,140.6460151,6
5964005318,36.5940714,140.6465903,6
5964005322,36.5932571,140.6456637,6
5964005326,36.5933924,140.6428297,6
5964005330,36.5932054,140.6441563,2
5964005335,36.5940194,140.6454492,6
5964005338,36.593789,140.6448376,6
5964005344,36.5930762,140.6445318,6
5964005347,36.5926519,140.6453016,6
5964005348,36.5926002,140.64502,6
5964005351,36.5927144,140.6443629,6
5964005354,36.5928867,140.6437862,6
5964005359,36.5928931,140.6418497,6
5964005368,36.5916764,140.642311,6
5964005375,36.5954818,140.6463353,6
5964005379,36.5955678,140.6452346,6
5964005580,36.5935026,140.6503589,2
5964005581,36.5938578,140.6495181,6
5964005582,36.5950974,140.6519141,6
5964005584,36.5947494,140.6524484,6
5964069734,36.6075149,140.656841,2
5964069738,36.607715,140.6569829,6
5964069739,36.6081122,140.657493,6
5964069744,36.6079158,140.6575523,8
5964069749,36.6077445,140.6574641,2
5964069750,36.6077427,140.6579048,6
5964069761,36.6077336,140.6569236,6
5964069766,36.6079986,140.6570055,6
5964069769,36.6083114,140.6569477,6
5964070601,36.6082278,140.6580565,6
5964070615,36.6105666,140.6556756,6
5964070634,36.6118766,140.6548963,8
5964070637,36.6119432,140.6551099,6
5964070640,36.6113552,140.6556063,6
5964070644,36.6111157,140.6554352,6
5964070645,36.6117158,140.655148,2
5964070817,36.6073218,140.660243,6
5972245916,36.6162445,140.671877,2
5972245941,36.616807,140.6701299,6
5972245976,36.5953881,140.6683082,6
5972245977,36.5955024,140.6681406,6
5972246034,36.5420679,140.6340184,6
5972246037,36.5415727,140.6336716,6
5972246038,36.5418804,140.632873,6
5972246039,36.5428197,140.6378626,6
5972246046,36.5467411,140.6401053,6
5972246050,36.5456452,140.6400541,6
5972246051,36.5446942,140.6413728,6
5972246053,36.5457176,140.6404831,2
5972246055,36.545166,140.641167,6
5972246062,36.5461312,140.6407338,6
5972246064,36.5461959,140.6408117,6
5972246065,36.5455327,140.6415032,6
5972246069,36.5472355,140.6434261,6
5972246072,36.5482345,140.6432779,2
5972246078,36.5477033,140.6433034,6
5972246080,36.5471314,140.6422144,6
5972246081,36.5473973,140.6424468,8
5972246082,36.5457014,140.6432671,6
5972246099,36.5461972,140.6443698,6
5972246100,36.5459267,140.6439109,2
5972246101,36.5458717,140.6439713,8
5972246106,36.5439547,140.6454549,6
5972246110,36.5444754,140.6445211,6
5972246113,36.5445379,140.6442466,6
5975489568,36.5337888,140.6097646,6
5975489582,36.5429777,140.6103109,2
5979608885,36.6073006,140.6568462,2
5979657961,36.6126415,140.663797,2
5979681070,36.6100512,140.667875,8
5980042626,36.589173,140.660738,6
5980042647,36.5889197,140.6611378,6
5980042653,36.5890315,140.660798,6
5980042654,36.5888901,140.6606856,2
5981189042,36.5666205,140.6262023,6
5981189045,36.5663399,140.6265088,6
5981189046,36.5711851,140.6214484,6
5981189048,36.5714081,140.62174,6
5981189049,36.5711976,140.6216499,6
5981189050,36.5710619,140.6216982,6
5981189051,36.5713515,140.6212511,6
5981189052,36.571564,140.6214686,6
5981189054,36.5710819,140.6215178,6
5981189059,36.5719012,140.6208426,6
5981189060,36.5718956,140.6203356,2
5981189073,36.5710619,140.6222427,6
5981189077,36.5709348,140.6213495,6
5981189080,36.5714018,140.6202493,6
5981189083,36.5651444,140.617769,6
5981189084,36.5667741,140.6146577,6
5981189187,36.5667743,140.6141392,6
5981189188,36.5669419,140.6141238,6
5981189189,36.5669335,140.6136228,6
5981189194,36.5676174,140.6108294,6
5981189199,36.566906,140.6099379,6
5981189209,36.5633722,140.6285409,6
5981189210,36.5683075,140.6227959,6
5981189212,36.5690416,140.6217607,6
5981189215,36.5672975,140.6255887,2
5981189216,36.5671034,140.6257266,6
5981189218,36.5654131,140.626216,6
5981189226,36.5634176,140.6233343,6
5981189228,36.5622327,140.6231239,6
5981189232,36.5623587,140.6221529,6
5981189233,36.5626164,140.6227095,6
5981189236,36.5632517,140.6219181,2
5981189239,36.5630199,140.6227865,6
5981189256,36.5636557,140.6207554,2
5981189271,36.5625979,140.6196892,2
5981189305,36.5621433,140.6214112,6
5981189306,36.5621299,140.6216865,6
5981189351,36.5587835,140.6187612,2
5981189357,36.5591666,140.6195033,6
5981189358,36.559042,140.618733,6
5981189377,36.5598723,140.6168916,6
5981189391,36.5588104,140.617691,6
5981189403,36.5572112,140.6185905,2
5981189405,36.5558049,140.6217411,2
5981189409,36.5535253,140.6209163,2
5981189410,36.553791,140.6209706,6
5981189411,36.55327,140.6200312,2
5981189412,36.5530741,140.6199999,6
5981189413,36.5527098,140.6208774,2
5981189415,36.5530531,140.6204322,6
5981189416,36.5526403,140.6203758,6
5981189422,36.553107,140.6197791,6
5981189423,36.5508809,140.6224025,6
5981189429,36.5505407,140.6235882,6
5981189430,36.5505993,140.620223,2
5981189431,36.5513724,140.6201747,6
5981189432,36.5484887,140.6199843,2
5981189433,36.5485102,140.6195418,6
5981189434,36.548212,140.6192307,6
5981189437,36.5485545,140.6195393,6
5981228378,36.6100744,140.6669772,6
5981228382,36.6116966,140.6660928,6
5981228383,36.6115263,140.666158,6
5981228384,36.6173167,140.6662148,2
5981230788,36.6165018,140.667146,4
5981230794,36.6170122,140.6629074,6
5981230799,36.6046886,140.6729634,6
5981230803,36.5948397,140.6677578,6
5981230817,36.5968786,140.6697905,6
5981230846,36.5927424,140.6555453,6
5983191746,36.5374846,140.6272694,6
5983191748,36.5381731,140.6272098,6
5983191751,36.5376501,140.6285666,6
5983191752,36.5379189,140.6286639,6
5983191753,36.5376425,140.6283853,6
5983191754,36.5379437,140.6283849,6
5983191755,36.537939,140.6278586,6
5983191756,36.5403154,140.6326204,6
5983191758,36.5407811,140.6304084,6
5983191763,36.5397192,140.6307831,6
5983191767,36.5404184,140.6302245,6
5983192250,36.5371377,140.6324726,2
5983192251,36.5368554,140.6323385,2
5983192252,36.5367863,140.6325417,6
5983192253,36.5369631,140.6319791,2
5983192254,36.5371712,140.6316181,6
5983192255,36.5367131,140.6318597,2
5983192256,36.5369607,140.6314365,6
5983192258,36.5369543,140.6292849,6
5983192261,36.5370952,140.6302769,6
5983192262,36.537244,140.6303886,6
5985451566,36.5811318,140.6514627,2
5985451567,36.5808512,140.6521023,6
5985451694,36.5813363,140.6521793,6
5985451703,36.5810796,140.6523886,6
5985451709,36.5809188,140.6498803,6
5985675245,36.604488,140.6655437,6
5985675246,36.6040019,140.6653573,6
5986750258,36.5471169,140.639604,6
5986750264,36.5574917,140.6274043,6
5987769390,36.5327094,140.630052,8
5987769398,36.5282767,140.6279597,6
5995750707,36.5878773,140.6582084,6
5995750708,36.5882721,140.658608,6
5995750709,36.5873164,140.6589616,6
5995750710,36.5877624,140.6594201,6
5998111458,36.5879583,140.6389275,6
5998111462,36.5879784,140.6399461,6
5998111463,36.5853495,140.6409752,6
5998111471,36.5852288,140.6424426,6
5999305541,36.5496309,140.6236476,6
5999305542,36.5498893,140.6237648,2
5999305543,36.5493862,140.6174697,2
5999305544,36.5494054,140.6171412,6
5999305545,36.5494045,140.6176507,2
5999305546,36.5499382,140.617596,6
5999305547,36.5508083,140.6211658,2
5999305548,36.5504113,140.6209806,6
5999305549,36.5502513,140.6223392,2
5999305550,36.5501822,140.6227675,6
5999305551,36.5489357,140.6227033,6
5999305552,36.549105,140.6227899,2
5999305553,36.5494831,140.6230018,2
5999305554,36.5496129,140.6225792,6
5999305555,36.549147,140.6219825,2
5999305557,36.5494262,140.6216755,6
5999305558,36.5494842,140.6210974,2
5999305559,36.5502917,140.6213073,6
5999305560,36.5497169,140.6214648,2
5999305561,36.5501827,140.621614,6
5999305562,36.549342,140.6201707,2
5999305563,36.5491308,140.6212489,2
5999305564,36.5483993,140.621029,2
5999305565,36.5486428,140.6211249,6
5999305668,36.5480545,140.6219248,2
5999305669,36.5484155,140.62206,6
5999305806,36.546767,140.6202216,2
5999305807,36.5471435,140.6202072,6
6002209140,36.5891838,140.6522463,2
6004709448,36.5351821,140.6328401,6
6004709451,36.5344934,140.6324297,2
6004709454,36.5359093,140.6277332,2
6004709458,36.5359567,140.6275937,6
6004709459,36.5362098,140.626818,6
6004709460,36.5361054,140.6272691,6
6004709461,36.535327,140.6269995,6
6004709462,36.541674,140.6243134,2
6004709463,36.5420407,140.6230117,6
6010808755,36.5403676,140.6337161,8
6019688648,36.5482403,140.6060328,6
6019688651,36.5364139,140.6067609,6
6019688655,36.5305137,140.6077022,6
6049377987,36.6113075,140.6564802,6
6049377990,36.6115998,140.6558762,2
6049377992,36.6099635,140.6567109,6
6049377993,36.6100414,140.65666,6
6049377994,36.6104322,140.6565383,6
6049378002,36.6099091,140.6568542,8
6049378010,36.6097997,140.6566859,6
6049378011,36.6083558,140.648299,2
6049378013,36.6086935,140.6470111,6
6049378015,36.6046538,140.6496398,6
6049378016,36.6047504,140.6498908,2
6049378018,36.6078338,140.6469775,6
6049378019,36.6076144,140.6471264,6
6049378021,36.6077229,140.647463,2
6049378024,36.6114436,140.656169,6
6049378025,36.6113884,140.6563418,6
6049378029,36.6119086,140.6564739,6
6049378030,36.6118839,140.6565335,6
6049378031,36.6114128,140.6562655,6
6049378032,36.611823,140.6566807,6
6049378033,36.6113497,140.6564102,6
6052216275,36.5660769,140.6467164,6
6052216278,36.5661405,140.6465453,6
6052216280,36.5659359,140.6463158,2
6052304213,36.5913823,140.6606405,2
6052304236,36.5914162,140.6587333,2
6052304238,36.5920786,140.6572394,2
6052304239,36.5926377,140.6598389,8
6052304240,36.5895292,140.6596128,6
6052304247,36.5901923,140.6601447,2
6052304248,36.5903772,140.6603758,6
6052304249,36.5905151,140.6599692,2
6052313104,36.5941925,140.6560265,8
6052313105,36.5950767,140.6554963,8
6052313106,36.595523,140.6545657,8
6052313107,36.5933232,140.6580796,8
6052313108,36.5930024,140.6589016,6
6052313109,36.5930516,140.6587767,6
6052313110,36.5933914,140.658138,6
6052490017,36.5869833,140.6442096,6
6052490024,36.585295,140.6462054,6
6052490025,36.5867899,140.6511643,2
6052490030,36.5888613,140.6569881,6
6052536887,36.5921758,140.657358,2
6054491132,36.6156546,140.6732275,8
6054491138,36.6149247,140.6730626,6
6054491140,36.6147616,140.6733405,2
6054491144,36.6153169,140.6724209,6
6054491146,36.6156155,140.67208,2
6054491149,36.6145167,140.6712972,6
6054491152,36.6159078,140.6732758,2
6054491153,36.6160376,140.6734024,6
6054491158,36.6161788,140.6723121,2
6054491159,36.6158969,140.674179,2
6054491161,36.6155249,140.6742432,6
6060137816,36.6125622,140.6539983,6
6060137819,36.612749,140.6543745,2
6060207245,36.567815,140.600859,2
6060207246,36.5793614,140.6019014,6
6060207259,36.5788118,140.6011116,6
6060207273,36.5789651,140.6011072,6
6060207275,36.5792348,140.6006535,2
6060207891,36.5747546,140.6016727,2
6060207893,36.5741641,140.5987059,6
6060207904,36.572565,140.6002014,2
6067111149,36.5555018,140.6399567,2
6067111150,36.5553338,140.6397906,6
6067111152,36.556637,140.6385789,6
6067111158,36.5566621,140.6377518,2
6070506122,36.5911387,140.6477627,8
6070506124,36.5914584,140.6470692,6
6096924514,36.5449923,140.6372837,6
6096924528,36.5362176,140.6317139,8
6096924533,36.5354018,140.6309745,2
6100890150,36.5846754,140.6582924,6
6100890154,36.584742,140.6575082,6
6100890156,36.5824453,140.6511882,6
6100890161,36.5828248,140.6567572,6
6100890164,36.5877903,140.6528173,2
6100890165,36.5856196,140.6520254,6
6100890172,36.5876018,140.6535395,6
6100890175,36.5894517,140.656257,2
6100891386,36.5824012,140.6568264,6
6100891401,36.5824834,140.6569403,6
6100891402,36.5823667,140.6570922,6
6139232235,36.5986385,140.6683093,8
6376183488,36.5976812,140.6538499,6
6376183490,36.5971905,140.653595,6
6377433109,36.5891857,140.6612643,2
6377433111,36.5890821,140.6612158,6
6377433113,36.5891544,140.6614149,2
6378354780,36.5987802,140.6514299,6
6378356414,36.5995189,140.6508603,6
6378356415,36.5993752,140.6515556,6
6378356441,36.5993997,140.6541963,6
6378356443,36.5989031,140.6544133,6
6378356444,36.5993004,140.6540455,6
6378356445,36.599083,140.6541402,6
6378356508,36.6061868,140.6673032,2
6378356510,36.6067922,140.6659942,6
6381968800,36.5961719,140.6528351,6
6381968801,36.5960144,140.6527738,2
6381968802,36.5962028,140.6529958,8
6381968803,36.5962741,140.6530382,6
6381968810,36.6143896,140.6714772,6
6381968813,36.6143697,140.6717728,6
6382981353,36.5435136,140.6360876,2
6382982917,36.5707829,140.6507221,6
6382982918,36.5707141,140.6516589,2
6387636764,36.6017405,140.6434644,6
6387638478,36.6065541,140.6381089,2
6427365423,36.6125219,140.6551631,2
6457847706,36.5951324,140.6555835,6
6457847708,36.595295,140.6550996,6
6457847744,36.5966406,140.6519903,6
6457847754,36.5634875,140.6453515,6
6547688118,36.5490481,140.6416721,6
6547688119,36.5489882,140.6418318,8
6547688120,36.5484976,140.6413468,6
6547688121,36.5484376,140.6415026,6
6547688122,36.5491393,140.6419008,2
6547688124,36.5481736,140.6423233,6
6547688130,36.5484641,140.6426274,6
6547688131,36.5484962,140.6430518,2
6547688133,36.5484692,140.6422751,6
6547688134,36.5475363,140.6425741,6
6796194490,36.5797331,140.6158375,2
<<<<<<< HEAD
7057136780,36.5285843,140.614763,6
=======
7057136780,36.5285843,140.614763,4
>>>>>>> 1e61a47e6e88ab5851de5706f3a1665c927f06cf
7082551034,36.6048383,140.6688957,8
7091849893,36.5512174,140.6248884,6
7095987742,36.5690171,140.6162742,6
7095987743,36.5692595,140.6169283,2
7112988846,36.592944,140.6587983,8
7112988847,36.5930233,140.6588493,8
7112988848,36.5930963,140.6588958,8
7112995305,36.5924129,140.6608468,6
7112995306,36.5921331,140.6606961,6
7112995309,36.5928981,140.6587665,6
7112995312,36.593135,140.6589214,6
7112995313,36.5922234,140.6606593,8
7112995314,36.5923025,140.6607037,8
7112995315,36.5918126,140.6605233,2
7112995316,36.5926729,140.6609712,2
7112995317,36.5927829,140.6598414,8
7113003934,36.5921041,140.6607864,2
7113003935,36.5921794,140.6606314,6
7113003946,36.5923969,140.6565409,2
7113003947,36.5929421,140.6569136,8
7113003948,36.593202,140.657984,8
7113003949,36.5928735,140.6588276,8
7113003950,36.592475,140.6598448,8
7113003951,36.5923847,140.6609334,2
7113003952,36.5924142,140.6607735,6
7113003959,36.5940552,140.6576299,2
7113003960,36.5941736,140.6574261,2
7113003977,36.5962872,140.6545159,2
7113003978,36.5956416,140.654637,8
7113003979,36.5954053,140.6551648,8
7113003980,36.5944776,140.6562644,8
7113003981,36.5963303,140.654426,2
7113003984,36.5965198,140.6526182,6
7113008786,36.5969483,140.6516338,6
7113008787,36.5969986,140.6515664,6
7113008789,36.5973155,140.6516701,2
7113008790,36.5965391,140.6525732,8
7113008791,36.5962657,140.6511242,2
7113008803,36.5952988,140.6538413,2
7113008804,36.5965074,140.6519298,8
7113008805,36.5962699,140.6524541,8
7113008806,36.5961198,140.6528148,8
7113008807,36.5960637,140.6529477,8
7113008808,36.5952062,140.6539754,2
7113008809,36.5954454,140.65411,6
7113008833,36.5930312,140.6566844,2
7117080159,36.5434505,140.6274504,2
7117080160,36.5435396,140.6270412,6
7117080161,36.5449136,140.6261146,2
7117080162,36.5456183,140.6263265,2
7117080163,36.5459147,140.6291807,6
7117080166,36.5455556,140.6279166,6
7117080167,36.5464802,140.6318841,6
7117080169,36.5458318,140.6329792,6
7117080170,36.5455285,140.6335334,6
7117080171,36.5448835,140.633252,2
7117080173,36.5442866,140.6327507,6
7117080174,36.5445624,140.6330401,2
7117080175,36.544531,140.6327119,6
7117080176,36.5449373,140.6338836,6
7117080178,36.5445365,140.6348211,2
7117080182,36.5470168,140.6271714,2
7117080184,36.5449233,140.6218276,6
7117178587,36.5441206,140.6206161,2
7273777952,36.5867607,140.6477831,6
7499891932,36.5486475,140.5982403,6
7499891937,36.5486514,140.5982441,6
7500221434,36.6061627,140.588059,6
7528200434,36.5905603,140.6158125,6
7528200442,36.5861022,140.6212428,6
7528200447,36.5855325,140.6208588,6
7528200456,36.5897179,140.6202679,6
7528200465,36.587731,140.6192632,6
7528200475,36.5867509,140.6206802,6
7528210785,36.5858044,140.6202663,8
7528210786,36.585876,140.6209047,6
7528210791,36.5836615,140.6226575,6
7528221225,36.5855783,140.620747,6
7528221230,36.5899532,140.6199633,6
7528221247,36.5930283,140.6197751,6
7528271348,36.5930639,140.6217724,6
7528271349,36.5905307,140.6228311,2
7528271350,36.5923922,140.6245737,6
7528271360,36.5920634,140.6223595,6
7528309005,36.590809,140.6212719,6
7528309008,36.5924377,140.622318,2
7528309016,36.591181,140.6225409,8
7528309021,36.592588,140.6221625,6
7528309031,36.5867845,140.6160946,2
7664151834,36.5364368,140.6094169,6
7926815746,36.6154172,140.6787877,4
7926815751,36.6164799,140.6769113,6
8017959636,36.5295579,140.6150973,2
8017959640,36.5293804,140.6159215,6
8018039643,36.528448,140.6212796,6
8018039994,36.5282913,140.6220008,6
8018098539,36.5318339,140.6336367,6
8018098540,36.5321916,140.6345031,2
8018098542,36.5325127,140.634082,6
8018098544,36.5327776,140.6337811,6
8018140564,36.5320864,140.6302167,6
8018169207,36.5347671,140.6282455,2
8018178722,36.5351692,140.6276532,6
8018178725,36.5348906,140.6276644,6
8018178726,36.534927,140.6290326,6
8018351849,36.5473178,140.6228144,6
8018351850,36.5469723,140.6226608,6
8018365270,36.5449236,140.6307667,2
8018365274,36.5457271,140.6297593,6
8018473231,36.5483131,140.6422989,6
8018473232,36.5482653,140.6418117,6
8018473233,36.5489094,140.6422026,6
8018473234,36.5488693,140.6417659,6
8018473235,36.5487617,140.6422269,6
8018473236,36.5487168,140.6416731,6
8018473237,36.5486257,140.6422493,6
8018473238,36.5485662,140.6415814,6
8018473239,36.5483932,140.6415941,6
8018670173,36.5770807,140.6378208,2
8018670176,36.577674,140.6378767,6
8018670177,36.5778174,140.6373611,6
8018670180,36.5777395,140.6376359,6
8018670181,36.5775842,140.6375685,8
8018670184,36.5778084,140.6368822,8
8018671085,36.577958,140.636682,6
8018733107,36.5811571,140.6360363,6
8021234213,36.6120311,140.6668116,6
8021294435,36.6099121,140.6622694,6
8021381705,36.607596,140.6613547,2
8021381708,36.6080435,140.661919,6
8021381709,36.6081472,140.6630552,2
8021381711,36.6088964,140.6617624,2
8021381713,36.6087996,140.6620467,6
8021384059,36.6081364,140.6665474,2
8021384061,36.6079415,140.6671312,6
8021446246,36.6008521,140.6547779,2
8021446253,36.602677,140.6543143,6
8021455385,36.6039916,140.6612474,2
8021455386,36.6036548,140.66029,6
8021610680,36.5825768,140.641687,6
8021610681,36.5825024,140.6418276,6
8021610682,36.582282,140.6416887,6
8021617281,36.5834932,140.641997,6
8021617282,36.5834201,140.6421537,6
8021620186,36.5837013,140.6420776,6
8021620187,36.5842096,140.6420186,2
8021620188,36.5839382,140.6426078,6
8021620189,36.5838989,140.642229,6
8021620190,36.5837956,140.6426267,6
8021620191,36.5837619,140.6422485,6
8021620192,36.583639,140.6426473,6
8021620193,36.5834744,140.6421914,6
8021620198,36.5840364,140.6422065,6
8021620199,36.5844171,140.6421352,6
8021620201,36.5836109,140.6422707,6
8021620202,36.5832868,140.6420628,8
8021634287,36.582422,140.6420132,6
8021634292,36.5831694,140.6419824,6
8024633092,36.6058498,140.6472168,2
8024633094,36.6058972,140.6476003,2
8024633095,36.6054988,140.6478095,6
8024633096,36.605137,140.6469646,2
8024633097,36.6053912,140.6480133,6
8024655672,36.6041021,140.649054,6
8024655673,36.6039991,140.6487322,6
8024655674,36.6038465,140.6484851,6
8024655675,36.6045368,140.6478541,6
8024655676,36.6036851,140.6482178,6
8024655677,36.6035364,140.6479807,6
8024655683,36.6043402,140.6496974,6
8024668068,36.6026867,140.6428474,2
8024668072,36.6028977,140.6433275,2
8024668076,36.602086,140.6431103,6
8024668079,36.6019761,140.6431666,6
8024710731,36.6003813,140.651041,6
8025186842,36.5928931,140.6475601,2
8025186850,36.6000591,140.6506684,6
8025186851,36.5998573,140.6513607,2
8025186853,36.6002327,140.6511251,6
8025218894,36.5919456,140.6415063,2
8025222575,36.5885192,140.6483459,6
8025252394,36.5888444,140.6408089,2
8025566357,36.5905673,140.6477773,2
8032109071,36.5847093,140.6338298,2
8032109076,36.585055,140.6348377,6
8032116472,36.5852994,140.6399399,2
8032116473,36.5850153,140.6403164,6
8032116474,36.5852176,140.6400633,6
8032209746,36.5807703,140.6430907,6
8032209747,36.5805654,140.6437916,2
8032209750,36.5811513,140.6439834,6
8032209753,36.5806474,140.642587,6
8032250101,36.5376343,140.6355907,6
8032250102,36.5373898,140.6364208,2
8032250108,36.5371705,140.6360905,6
8032250109,36.5370537,140.636406,6
8032250110,36.5370437,140.6359977,6
8032250111,36.5368389,140.6364217,6
8032250113,36.5372993,140.6361848,6
8032250114,36.536989,140.6350905,6
8032250115,36.5366916,140.6357449,8
8032250118,36.536933,140.6359166,6
8032250120,36.5367045,140.6364316,8
8032250121,36.5367303,140.6366192,6
8032299232,36.5397631,140.6281713,2
8044283413,36.6005968,140.6513245,2
8044283414,36.6001529,140.6511803,6
8044283415,36.6002734,140.6514871,2
8058340254,36.6104036,140.6623095,2
8058340255,36.6103498,140.6621969,2
8058340256,36.610267,140.6622536,6
8058340257,36.6101775,140.6624758,2
8058340258,36.6103175,140.6623739,6
8058340259,36.6101955,140.6620833,6
8058340260,36.6104143,140.6619394,2
8058504251,36.6121647,140.6665474,2
8058504253,36.6122767,140.6666574,2
8058504254,36.6121669,140.6667218,6
8190981825,36.5898819,140.64582,6
8190981832,36.5903132,140.646027,8
8198385122,36.5863849,140.64605,2
8615204294,36.5743846,140.5955185,6
8615204304,36.5757018,140.5941137,6
8615207540,36.5743372,140.592041,6
8615207676,36.5584,140.5951846,2
8615207691,36.561372,140.6097597,2
8616789918,36.5532097,140.5908729,2
9029261759,36.6148152,140.678124,6
9029261764,36.6149039,140.6785202,6
9029261765,36.6147248,140.6781841,6
9029261766,36.6150278,140.6786042,2
9862368952,36.6126477,140.6420118,8
9862368959,36.6049794,140.6494301,8
9862368961,36.603666,140.6502104,8
9862368962,36.603787,140.6502288,8
9862368966,36.6030866,140.6508161,8
9862368973,36.6008271,140.6529016,8
9862368974,36.6005106,140.652961,8
9862368975,36.6003845,140.6527303,8
9862368991,36.5993512,140.6559129,6
10039482335,36.6083703,140.6615544,6
10039511969,36.5634811,140.6460117,8
10039511999,36.5447226,140.6400732,8
10220306286,36.6041295,140.6372168,2
10270828297,36.5639054,140.6431968,6
10286035641,36.6014671,140.6391091,6
10286035650,36.6020469,140.6385368,2
10286035743,36.6132581,140.6409949,6
<<<<<<< HEAD
10286035744,36.6132094,140.6409386,6
10286035755,36.613541,140.6402234,2
10560137109,36.5643672,140.6386447,6
10560137110,36.5644468,140.6386402,6
=======
10286035744,36.6132094,140.6409386,8
10286035755,36.613541,140.6402234,2
10560137109,36.5643672,140.6386447,6
10560137110,36.5644468,140.6386402,6
10560194035,36.6177927,140.6767433,4
>>>>>>> 1e61a47e6e88ab5851de5706f3a1665c927f06cf
10560194049,36.6165502,140.6764255,6
10560194050,36.615644,140.6771823,6
10560194080,36.6162016,140.6778709,6
10605549943,36.5939616,140.6637191,2
10605549967,36.5957505,140.6686659,6
10605549969,36.5862743,140.661262,8
10605549970,36.5861272,140.6615393,8
10605549978,36.5863209,140.6614934,8
10614517022,36.5740379,140.634889,8
10614517033,36.5741197,140.6323515,8
10614517039,36.5739269,140.6322822,6
10614517044,36.5736095,140.6325898,2
10614517045,36.5733259,140.6312175,2
10614517047,36.5734673,140.6314178,6
10614517052,36.5727206,140.6302695,2
10614517058,36.5728779,140.6281566,6
10614517059,36.5730213,140.6281453,2
10614517060,36.5729139,140.6274953,6
10614517067,36.5721104,140.6262189,8
10614517070,36.5730862,140.6274741,2
10614517071,36.5729378,140.6273953,6
10614517078,36.5728929,140.6248628,2
10614517080,36.5729771,140.6257594,2
10614517082,36.5736582,140.6231821,6
10614517092,36.5740248,140.6221603,2
10614517099,36.5737825,140.6209659,8
10614517102,36.5738508,140.6207927,8
10614533606,36.5728059,140.6218279,6
10614533621,36.5734859,140.6210096,8
10614533622,36.5735154,140.6210513,6
10614533623,36.5740538,140.6206373,6
10614533628,36.5739625,140.6199764,2
10614533645,36.5758979,140.6175403,2
10614533656,36.5762564,140.6175804,2
10614533668,36.5777031,140.6143118,2
10614533707,36.5790145,140.6119159,6
10614533714,36.5787245,140.6123276,2
10614533782,36.5796141,140.6099126,2
10614533799,36.5820862,140.6085923,6
10614533809,36.5814753,140.609145,6
10614533810,36.5816754,140.609127,2
10614533815,36.5808427,140.6089921,2
10614533893,36.5800849,140.5981546,6
10614735978,36.580021,140.5934906,2
10670114600,36.6124802,140.6677868,8
10670114601,36.6127014,140.6679441,8
10670114602,36.6126361,140.6681289,8
10670114603,36.6124097,140.6679429,8
10670114604,36.6125652,140.6677847,6
10670115205,36.6123912,140.6677888,6
10670115206,36.6127412,140.668119,6
10670115207,36.6125513,140.6681369,6
10670115208,36.6127578,140.6680566,6
10670115209,36.6126547,140.6678512,6
10670115212,36.6123072,140.6672525,2
10670115227,36.6136838,140.6680056,8
10670115231,36.6141365,140.6688831,8
10670115239,36.6150144,140.669543,2
10670115257,36.6141745,140.6691192,8
10670115265,36.61511,140.6697664,8
10670115268,36.6158389,140.6699373,2
10670115269,36.6136999,140.6702516,8
10670115271,36.6138532,140.6706064,2
10670115282,36.615982,140.6699132,6
10670115301,36.614426,140.6707203,2
10670115306,36.6150678,140.6691022,6
10670115307,36.6157939,140.6691516,2
10670115311,36.6172105,140.6696792,6
10670115312,36.6168577,140.669619,6
10670115318,36.6164513,140.6700365,6
10670115322,36.6168303,140.6701358,6
10670115323,36.617333,140.6710693,2
<<<<<<< HEAD
10670115327,36.617309,140.6702472,4
=======
10670115327,36.617309,140.6702472,6
>>>>>>> 1e61a47e6e88ab5851de5706f3a1665c927f06cf
10670115328,36.6174193,140.6706122,2
10670115330,36.6173073,140.6703534,6
10670115333,36.6165806,140.670069,6
10670115336,36.61609,140.6699416,6
10805829266,36.563061,140.6365998,6
10805829270,36.5626745,140.6367037,8
10874984655,36.5811398,140.6439627,6
10875005443,36.5782938,140.6456457,6
10875005447,36.5765763,140.6460129,6
10875005756,36.5786195,140.6461534,8
10875005757,36.5790359,140.6461198,6
10875005758,36.5791072,140.6462158,6
10875005774,36.57826,140.6477889,6
10875010805,36.577645,140.6442647,6
10875010807,36.5774521,140.6447204,2
10875018195,36.5795025,140.6480212,6
10875018196,36.5797181,140.6482155,6
10875194723,36.6027697,140.6668056,6
10875718019,36.5780166,140.64865,6
10875718022,36.578239,140.6483966,2
10892993026,36.5767185,140.6528815,6
10893478883,36.575512,140.6512083,2
10893478884,36.5752845,140.6512839,6
10893478885,36.5754524,140.6513738,2
10893559893,36.5751873,140.6515743,6
10893564122,36.5763282,140.6447429,6
10893564124,36.5761268,140.6448719,2
10893564125,36.5785826,140.645643,6
10893564127,36.5783291,140.6461621,6
10893564130,36.5786252,140.6463223,8
10893564131,36.5783314,140.6463302,6
10893564132,36.5783061,140.6458283,6
10893564133,36.5785952,140.6458171,6
10893564134,36.5789004,140.6463002,2
10893564135,36.5783179,140.646,6
10893564136,36.5786074,140.6459864,8
10893564138,36.578992,140.6471852,6
10893564139,36.5790888,140.6471206,6
10893564146,36.5792314,140.646902,6
10893564151,36.5784392,140.6475305,6
10893564152,36.5783529,140.6476506,8
10893564153,36.5785887,140.6479144,2
10893564156,36.5785624,140.6474113,6
10893576066,36.573906,140.6442466,6
10893576067,36.5739742,140.6440785,6
10893576068,36.5740243,140.6439104,6
10893576070,36.574241,140.6437809,6
10893576072,36.5741473,140.6436208,2
10893576073,36.5743672,140.6442634,6
10893576074,36.5744618,140.6442006,6
10893576075,36.5742926,140.643978,6
10893576076,36.574342,140.6441671,6
10893576077,36.5743998,140.6443523,6
10893576078,36.5744482,140.6444215,2
10893587430,36.57602,140.6435114,6
10893587431,36.575765,140.6430854,2
10893587436,36.5760975,140.6431507,2
10893606352,36.5786382,140.6446133,2
10893639197,36.5805615,140.6596555,6
10893639198,36.5804532,140.6597777,6
10893639199,36.5807144,140.6601282,2
10893639200,36.5806714,140.6600705,6
10893643398,36.57845,140.6373098,2
10895940817,36.5827578,140.6432676,6
10895965913,36.5827084,140.643594,6
10895965916,36.5827604,140.6437548,2
10895965918,36.5826592,140.6438154,2
10905267965,36.5751653,140.6478363,2
10905267966,36.5751032,140.6477658,6
10905284307,36.5769388,140.648715,6
10907660260,36.5915024,140.655274,6
10907660262,36.5919572,140.6551979,6
10907660264,36.5921422,140.6552132,2
10907757933,36.5946915,140.6549767,6
10907757944,36.5941474,140.6543984,6
10908199476,36.5776351,140.640394,6
10914021441,36.6099443,140.6649263,6
10914021446,36.609573,140.6642593,2
10914021453,36.6099015,140.6637067,2
10921535864,36.6026927,140.6680437,6
10925655975,36.5635566,140.6454193,6
10945311115,36.5636913,140.6417442,6
10945311118,36.5637513,140.6419493,6
10968727562,36.591297,140.6408029,6
10968727563,36.5913341,140.641311,2
10968727564,36.5916011,140.6406887,6
10968727569,36.5918251,140.6397043,2
10968731228,36.5918051,140.6408415,2
10968752030,36.581471,140.6221294,6
10968752031,36.5814721,140.6226058,6
10968899127,36.584519,140.6399361,6
10969094213,36.5784847,140.6451532,6
10969099137,36.5792426,140.6441598,6
10969099138,36.5787041,140.6446287,6
10981753727,36.5786511,140.6451118,6
10983467610,36.57488,140.6480671,6
10983467611,36.5746907,140.6478813,2
10989447496,36.57647,140.6448898,2
10989447498,36.5769514,140.6456153,6
11002665936,36.6047902,140.6263119,2
11005347770,36.5804762,140.6559536,2
11005347778,36.5805481,140.6562578,6
11017472391,36.5779108,140.64508,6
11017472392,36.577936,140.6450036,2
11038473938,36.5635458,140.6378772,8
11038473939,36.5634931,140.6379328,8
11047625255,36.5352433,140.6108406,2
11047625266,36.53443,140.6106254,8
11047625283,36.5326528,140.6095813,2
11047898481,36.5307408,140.6184321,6
11050193090,36.5613959,140.6369017,6
11050196749,36.5970222,140.6514675,8
11050220807,36.5410512,140.6235328,2
11050220845,36.5567723,140.6359863,2
11050220846,36.557127,140.6355981,6
11050220847,36.5624212,140.6361835,2
11050263104,36.5527355,140.6318434,6
11050269717,36.5873971,140.6467245,6
11050396106,36.5906287,140.6605685,6
11050396206,36.5870774,140.6463478,6
11050396207,36.5874497,140.6466233,6
11050396214,36.5881402,140.6470478,2
11050436979,36.565028,140.6407875,2
11062694046,36.6138004,140.6427037,8
11062694177,36.612281,140.6434751,2
11062694224,36.6096134,140.649671,2
11062700536,36.6054311,140.6472233,6
11062700537,36.6055785,140.6471604,2
11062700539,36.6054041,140.6471148,2
11062700543,36.6052168,140.6473455,6
11062700548,36.60709,140.6510282,2
11062870206,36.604667,140.6580804,6
11062870211,36.6054474,140.6590104,6
11066330338,36.5598036,140.6204034,6
11066330369,36.5594912,140.613352,6
11066330373,36.5591191,140.6139652,6
11066330380,36.5602348,140.6122902,6
11066330393,36.5586343,140.6145723,6
11066331566,36.5618133,140.6229384,6
11066331633,36.5563597,140.6278861,6
11066331634,36.5563597,140.6278458,6
11066331638,36.5565396,140.6275655,8
11066331649,36.5567103,140.6268675,6
11066331650,36.5567389,140.6268725,6
11066331660,36.557117,140.6271679,6
11066331661,36.5570906,140.6272237,8
11066399876,36.5578258,140.6109962,2
11066399897,36.5593081,140.6086761,2
11074402023,36.5760529,140.6294256,2
11074402024,36.5759506,140.6320623,6
11074402027,36.576027,140.6353533,2
11074402041,36.5772265,140.6356784,6
11074402049,36.576824,140.634546,2
11074403413,36.5777952,140.6266601,6
11074403442,36.5752161,140.6276299,6
11074403444,36.5746614,140.6273523,2
11074403445,36.5746549,140.6275856,6
11074403449,36.5746032,140.628055,6
11074441482,36.5416196,140.6258516,6
11074441483,36.5423349,140.6261439,6
11074441492,36.5436313,140.6286808,6
11074441494,36.544531,140.6277592,6
11074441495,36.5452709,140.6284426,6
11074441496,36.5448826,140.6280872,6
11074496120,36.6096726,140.6575446,2
11074496169,36.6173834,140.6495503,2
11074504354,36.6069974,140.6570671,6
11076373394,36.5775263,140.6377756,6
11076373395,36.5774045,140.6376941,6
11076373396,36.577707,140.6367808,6
11076373398,36.5781275,140.6374604,6
11076373399,36.5777396,140.6367403,2
11076373400,36.5780041,140.6381231,6
11076373401,36.5777563,140.6380129,6
11076373402,36.5776935,140.6381965,2
11079086271,36.6051917,140.668049,6
11079086282,36.6032497,140.6686734,6
11079086290,36.6031507,140.6686716,6
11079086295,36.6035262,140.6686874,8
11079086303,36.6030183,140.6679998,6
11079102425,36.6050763,140.6664561,6
11079102429,36.6049472,140.665878,6
11079102434,36.6031445,140.6654662,6
11079102438,36.6028204,140.6641412,6
11079102461,36.6040691,140.6646511,2
11079102474,36.5990553,140.6612269,6
11079160328,36.611827,140.6644777,6
11079160329,36.6115167,140.6645304,2
11079160331,36.6115404,140.6647664,2
11088434789,36.6058713,140.6435689,2
11088434790,36.6046483,140.6436816,6
11088434795,36.6069158,140.6447411,6
11088434803,36.6071815,140.6451581,8
11088455818,36.6080826,140.6461439,2
11088455819,36.6071417,140.6451675,8
11088455820,36.5992965,140.6450576,6
11088455825,36.5992927,140.6447091,6
11088455830,36.6054751,140.6419207,2
11088455834,36.6063142,140.6416024,6
11088455849,36.6080546,140.642665,2
11088455904,36.6010132,140.650361,6
11088455909,36.6012189,140.6522058,6
11088544895,36.5512918,140.6419673,6
11088544896,36.5511724,140.6405193,2
11088554218,36.5651081,140.6460325,6
11088554219,36.5652454,140.6456774,6
11088554220,36.5655008,140.6462936,6
11088554222,36.5647501,140.6447437,2
11088554225,36.5648707,140.6453928,6
11088554228,36.5647027,140.645763,6
11088554230,36.5654716,140.6464716,6
11088554245,36.5624148,140.6447196,2
11088554272,36.5543958,140.6408975,2
11088581810,36.54575,140.6401317,2
11088581811,36.5456939,140.6401424,6
11088581812,36.5456169,140.6399607,2
11088606266,36.5887852,140.6612487,2
11088606268,36.5911455,140.6625764,2
11088713925,36.5908763,140.6445786,6
11088713930,36.5910294,140.6448555,6
11088713993,36.5898441,140.6459598,6
11090941130,36.5820128,140.6388965,2
11090941132,36.5808066,140.6364691,2
11090941151,36.580524,140.6338819,6
11090941152,36.5807123,140.6343148,6
11106045394,36.5886796,140.6399654,2
11106045404,36.5904381,140.641914,2
11106061805,36.5895939,140.6409484,6
11106150145,36.5681396,140.6135986,6
11106915313,36.5666911,140.6166275,2
11106915328,36.5662021,140.6198448,2
11106915360,36.567919,140.6193003,2
11106915379,36.5682615,140.6285083,2
11106915383,36.5708433,140.6243777,2
11106915443,36.5706774,140.6146038,2
11106915473,36.5674386,140.6206173,6
11106915502,36.5657102,140.6187134,6
11199512607,36.6026641,140.6690097,6
11199512609,36.6030342,140.6707235,8
11199512610,36.6029587,140.6711022,6
11199512611,36.6041326,140.6713937,2
11199512613,36.6023791,140.6705358,6
11199512616,36.6021057,140.6719612,6
11199512617,36.6031675,140.6722736,2
11199512620,36.6022179,140.6713658,8
11199512621,36.6008073,140.670937,2
11199512622,36.6013642,140.6711063,6
11199512623,36.6012406,140.6717635,6
11199512624,36.6012851,140.6699069,2
11199512625,36.6014479,140.6691312,8
11199512627,36.6013796,140.6694564,6
11199512628,36.6018774,140.6692648,6
11199512630,36.6017105,140.6678309,6
11199512631,36.6018295,140.6671468,6
11199512633,36.6020862,140.6679457,6
11199512634,36.6009962,140.6669096,2
11199512635,36.6028834,140.6715496,6
11199555237,36.6006948,140.6716173,2
11199555238,36.6035456,140.6697601,2
11199555239,36.6032302,140.6696678,8
11199555246,36.6007208,140.67038,6
11199555248,36.6003,140.6706724,6
11256443230,36.5921197,140.6607378,8
11256443231,36.5924029,140.6608755,8
11266738862,36.5791862,140.6474284,6
11266738864,36.5793794,140.6477381,2
11271380927,36.5760907,140.6442982,6
11271380929,36.5764031,140.6444915,2
11271380930,36.5761441,140.6439688,6
11271380931,36.5763467,140.6440072,2
11377216484,36.566811,140.6375473,2
11377216485,36.5665347,140.6373054,6
11377216490,36.5666641,140.6373378,6
11377216491,36.5666165,140.6371499,2
11377216492,36.5666974,140.6371679,6
11377216494,36.5667175,140.6370654,6
11462568777,36.588677,140.646718,2
11462568778,36.5887794,140.6465895,2
11462568779,36.5886067,140.646428,8
11462568783,36.5888802,140.6464738,2
11609877026,36.5779108,140.6430152,6
11609929980,36.5789388,140.6428208,6
11609929984,36.5780789,140.6433846,6
11609929985,36.5778312,140.6437507,6
11609929986,36.5778457,140.6440317,6
11609944256,36.5773675,140.6436187,2
11609955548,36.57967,140.6423298,6
11609983617,36.5821362,140.6464444,6
11609983618,36.5822838,140.6456417,6
11609983619,36.5820657,140.6456762,6
11609983620,36.5819948,140.6447856,8
11609983621,36.5819753,140.6444322,6
11609983622,36.5823869,140.6441467,6
11609983623,36.5825285,140.643241,6
11609983624,36.5828423,140.6430714,6
11609983627,36.5816678,140.6430889,6
11609983628,36.5825647,140.6442867,6
11609983629,36.5825439,140.6440795,6
11609983631,36.5824169,140.6447343,8
11609983632,36.5824324,140.6449376,6
11609983633,36.5814982,140.6436853,6
11610122250,36.5811537,140.6448945,6
11610122254,36.5807763,140.644943,6
11611398051,36.5456906,140.6247082,6
11611398052,36.545515,140.6252462,2
11611398057,36.5833039,140.6621904,6
11611398058,36.581216,140.6620171,6
11611398070,36.5849897,140.661485,8
11611398073,36.585104,140.6607446,6
11611398081,36.5861591,140.662353,2
11611398082,36.5844049,140.6613741,6
11611398088,36.5849122,140.6617301,6
11611398105,36.6057165,140.674387,2
11611398106,36.6079735,140.6713951,6
11611398111,36.6083565,140.672091,2
11649258831,36.6004239,140.6529226,6
11649258833,36.6008085,140.6529802,6
11649258835,36.6006116,140.6525872,6
11649258836,36.6008367,140.6526857,6
11649258851,36.5993613,140.6546931,2
11649258855,36.60085,140.6530016,2
11649258858,36.6009253,140.6529398,6
11649302972,36.6000376,140.654666,2
11649302976,36.6012574,140.6522595,8
11649302981,36.6030353,140.6508566,6
11649302986,36.6029437,140.6507519,6
11649302991,36.6028633,140.6506776,6
11649302993,36.6028727,140.6506569,6
11649302996,36.6024606,140.6504224,8
11649302999,36.6020417,140.6499784,8
11649303001,36.6016959,140.6495605,2
11649303002,36.602882,140.6507949,2
11649303006,36.604677,140.6496999,8
11649303022,36.6038109,140.6502863,6
11649303026,36.6037515,140.6501449,6
11649303031,36.604957,140.6493698,6
11649303032,36.6050003,140.6494861,6
11649303033,36.6050417,140.6493176,8
11649303048,36.6077921,140.6470058,8
11653498242,36.607108,140.6481065,8
11653498246,36.6073697,140.6463489,2
11653498248,36.6080899,140.6474999,8
11653498249,36.6081561,140.6474546,6
11653905679,36.6093034,140.6483002,2
11653905681,36.6079475,140.6475633,6
11653905682,36.6079289,140.6475189,8
11653905683,36.6079039,140.647459,6
11653905684,36.608004,140.6473025,8
11653905685,36.6079545,140.6473363,6
11653905686,36.6080482,140.6472723,6
11653905687,36.6081435,140.6475045,6
11653905688,36.6080567,140.6472879,6
11653905708,36.6087124,140.6470528,8
11653905718,36.6106572,140.6452862,8
11653905757,36.6054306,140.6438085,8
11653905774,36.604675,140.6435097,6
11653905777,36.6042199,140.6433223,6
11653905778,36.6041104,140.643399,2
11653905809,36.6106728,140.645163,8
11653905811,36.6107047,140.6452041,6
11653905817,36.6114984,140.6439418,2
<<<<<<< HEAD
=======
11653905862,36.6178058,140.6322045,4
>>>>>>> 1e61a47e6e88ab5851de5706f3a1665c927f06cf
11653905894,36.6135109,140.6416165,8
11653905902,36.6131713,140.641262,8
11653905903,36.6132506,140.6411496,6
11653905926,36.6137561,140.642766,6
11653905927,36.613768,140.6427931,2
11653905945,36.6129347,140.6430804,2
11653905946,36.6134808,140.6416522,2
11653905947,36.6135377,140.6415848,6
11653905948,36.6134665,140.64157,6
11653905949,36.6134896,140.6415363,8
11653905959,36.6160305,140.6379817,2
11653905969,36.6145638,140.6400344,2
11653905973,36.6125956,140.6419785,6
11653905974,36.6127123,140.6420532,6
11680087800,36.5740353,140.6324117,2
11680087814,36.5744202,140.6338009,8
11680087827,36.5736596,140.6209416,8
11680087832,36.573638,140.6208982,6
11680087842,36.5727672,140.6218035,8
11680087851,36.572543,140.6234042,8
11680087853,36.5725902,140.6236214,8
11680087854,36.5725377,140.6235771,6
11680087855,36.5725517,140.6236203,6
11680172183,36.5703788,140.6223799,2
11680172187,36.572926,140.6233692,6
11686151540,36.5783455,140.6431705,6
11704786152,36.5699276,140.6336966,6
11704786154,36.5701009,140.6342079,6
11704786156,36.5809181,140.6413594,6
11716978624,36.5636361,140.6377756,2
11716978626,36.5633405,140.6381137,2
11716978630,36.5660291,140.6383759,8
11716978631,36.5659587,140.6384648,8
11716978643,36.5684433,140.6357627,8
11716979580,36.5726082,140.6336167,8
11716979581,36.5724159,140.6331829,2
11716979594,36.5570153,140.6288384,8
11716979595,36.5574976,140.6295085,8
11716979598,36.5585311,140.6301015,2
11716979611,36.5570667,140.6290763,6
11716979612,36.5571345,140.629004,8
11716979618,36.5572605,140.6291791,8
11716979619,36.5571945,140.6292475,6
11716979631,36.5562718,140.627976,8
11716979633,36.5561103,140.6277518,8
11716979634,36.5561019,140.6279623,8
11716979643,36.5562039,140.6276551,6
11716979649,36.5560247,140.6278424,8
11716979650,36.5561831,140.6280654,6
11843787980,36.5744558,140.6486445,6
11862083764,36.5893392,140.6463698,6
11942458054,36.5687087,140.6355961,8
11942458055,36.5683203,140.6356649,8
11942458058,36.5683903,140.6357695,6
11942458059,36.5684906,140.6357566,6
11942458060,36.5685169,140.6355009,6
11942458061,36.5686929,140.6354705,6
11942458066,36.5683587,140.6360731,8
11942525373,36.5680338,140.6372033,8
11942525375,36.5680326,140.6375902,8
11942525379,36.5681753,140.639465,8
11942525385,36.5685176,140.6407378,8
11942525387,36.568862,140.6410704,8
11942525392,36.5700006,140.6420134,2
11942525399,36.5680232,140.6367741,8
11942525409,36.5671958,140.6382443,8
11942525411,36.5665608,140.6383118,8
11942525413,36.5659543,140.6383895,6
11942525414,36.5659622,140.6385239,2
11942525418,36.5647791,140.6385249,8
11942525419,36.5644708,140.6385724,6
11942525428,36.5688723,140.6346445,8
11942525437,36.5689353,140.6346685,8
11942525439,36.5691915,140.6338195,8
11942525441,36.5694032,140.6331881,8
11942525442,36.569581,140.6326573,8
11942525449,36.5700167,140.6315078,8
11942525450,36.5698969,140.6314453,8
11942525451,36.5699787,140.6313782,8
11942525452,36.5699175,140.6315775,8
11942525460,36.5701374,140.6304786,8
11942525462,36.5701984,140.6298578,8
11942525468,36.5706402,140.6279475,8
11942525469,36.5707299,140.6275962,8
11942525470,36.5709003,140.6269267,8
11942525473,36.5710772,140.6262809,8
11942525475,36.5713453,140.6258132,8
11942525479,36.5720563,140.6251576,6
11942525512,36.5707952,140.6270469,10
11942525515,36.5707267,140.627137,8
11942525517,36.5708288,140.6270641,8
11942525518,36.570772,140.6272948,8
11942525519,36.5708611,140.6270806,6
11942525520,36.5707392,140.6272832,6
11942525521,36.5708037,140.627306,6
11942525525,36.5651507,140.6379132,8
11942525532,36.5692031,140.6335331,8
11942525534,36.5700139,140.6313925,6
11942525535,36.5699447,140.6313645,6
11942525536,36.5699483,140.6315913,6
11942525537,36.5698836,140.6315624,6
11942525545,36.570134,140.6298389,8
11942525549,36.5704101,140.6286056,8
12149791349,36.5360517,140.6184664,6
12149791350,36.5368876,140.6181572,6
12149791352,36.5365354,140.6174686,6
12163654412,36.5968307,140.651555,8
12163654413,36.5966926,140.6514624,6
12163654415,36.5967222,140.6513171,8
12163654422,36.596391,140.6525666,8
12163654423,36.5964366,140.6524615,8
12163654424,36.5965103,140.6524904,8
12163654425,36.5963493,140.6524272,8
12163654426,36.5962926,140.652405,6
12163654427,36.5965654,140.652512,6
12163654428,36.5964653,140.6525964,8
12163654429,36.5963045,140.6525319,8
12163654430,36.5962456,140.6525083,6
12163654435,36.5959138,140.6542603,8
12163654436,36.5959327,140.6542091,6
12163654437,36.5958915,140.6543208,6
12163654438,36.5957127,140.653896,8
12163654439,36.5957874,140.6539465,8
12163654440,36.595861,140.6539962,8
12163654441,36.5959046,140.6540257,6
12163654442,36.5956654,140.653864,6
12163654443,36.5954788,140.6540275,8
12163654444,36.5955088,140.653963,6
12163654445,36.5955618,140.6542452,8
12163654446,36.5956367,140.6543003,8
12163654447,36.5957081,140.6543527,8
12163654448,36.5957521,140.654385,6
12163654449,36.5954969,140.6541976,6
12163681883,36.594261,140.6562299,8
12163681884,36.5941881,140.6561625,8
12163681885,36.5944419,140.655961,8
12163681886,36.5944876,140.6560518,8
12163681887,36.5945325,140.6561409,8
12163681891,36.5943826,140.6563431,6
12163681892,36.5943372,140.656301,8
12163681893,36.5941201,140.6560993,6
12163681894,36.5945607,140.656197,6
12163681895,36.5944137,140.655905,6
12163681896,36.5953914,140.6544842,8
12163681897,36.5966819,140.6514114,6
12163681898,36.5967584,140.6512323,2
12163681899,36.5970426,140.6513823,2
12163719916,36.6053581,140.657295,2
12170006235,36.5613931,140.6223476,6
12170006240,36.5617744,140.6228837,6
12170006241,36.5620176,140.6221496,6
12170006242,36.5615818,140.6226128,6
12170006245,36.5617335,140.6209047,2
12170006246,36.5628728,140.6225992,6
12170006249,36.5626504,140.6220805,2
12175933451,36.5519747,140.6275104,8
12175933455,36.5531658,140.628169,8
12175933456,36.5536049,140.6287607,8
12175933457,36.5539522,140.6292494,8
12175933460,36.5542913,140.6298454,6
12175933462,36.5534516,140.6307612,8
12175933468,36.5524016,140.6315031,8
12175933470,36.5523743,140.6315301,2
12175933474,36.552446,140.6270631,8
12175933475,36.5523944,140.627119,6
12175933476,36.5524908,140.6270144,6
12175933477,36.5524863,140.6269686,6
12175933479,36.552406,140.6268519,6
12175933481,36.5523366,140.6269121,8
12175933483,36.5522732,140.6270013,6
12175933485,36.5523498,140.6271121,6
12175933486,36.5528649,140.6263365,8
12175933496,36.552745,140.6266572,8
12175933497,36.5530608,140.6263064,8
12175933500,36.5537514,140.6255338,8
12175941647,36.5444948,140.6399727,8
12175941650,36.5445605,140.6398749,6
12175941651,36.5447406,140.6399479,6
12175941654,36.5445367,140.6400887,8
12175941677,36.5465153,140.636731,8
12175941679,36.5475998,140.6348145,8
12175941683,36.547767,140.6341944,6
12175941684,36.5478542,140.6342363,6
12175941688,36.5454236,140.6383722,8
12175941689,36.5455466,140.6381582,8
12175941690,36.5456707,140.6379313,8
12175941692,36.5463616,140.6367373,8
12175941693,36.5470076,140.6356088,8
12175941695,36.5478843,140.6338369,8
12175941696,36.5481128,140.6332209,8
12175941697,36.5483364,140.6326035,8
12175941698,36.5487559,140.6314342,8
12175941700,36.5489035,140.6313223,8
12175953009,36.5470456,140.6355433,6
12175953010,36.5471374,140.635627,6
12175953013,36.5463999,140.6366704,6
12175953014,36.5464957,140.6367646,6
12175953018,36.5455806,140.6380965,6
12175953019,36.5456686,140.6381807,6
12175953026,36.5491046,140.6308099,6
12175953027,36.5489985,140.6307369,6
12175953029,36.5490282,140.6305646,8
12175953030,36.5490618,140.6305063,2
12175953031,36.5491819,140.630718,8
12175953036,36.5496416,140.6299094,6
12175953038,36.5497238,140.6297825,2
12175953039,36.5497238,140.6300388,6
12175953041,36.5497901,140.6300018,2
12175953042,36.5492205,140.6306563,2
12175953043,36.5491325,140.6304859,6
12175953044,36.5492287,140.6305977,6
12175953077,36.5531044,140.632633,8
12175953082,36.5508996,140.6287855,8
12175953083,36.5506917,140.6287467,8
12175953085,36.550243,140.6292343,6
12175953087,36.5507623,140.6286555,8
12175953090,36.5507713,140.6288625,6
12175953093,36.550934,140.62868,6
12175953094,36.5508578,140.6285787,6
12175953100,36.5502749,140.6298466,6
12175953109,36.5503564,140.6293229,6
12175964305,36.5548499,140.6261752,8
12175964306,36.5553303,140.6268336,8
12175964309,36.5512104,140.6281853,8
12175964311,36.5518984,140.6274015,8
12175964313,36.5540116,140.6250636,6
12175964319,36.5541045,140.6251848,6
12175964320,36.5540704,140.6249359,8
12175964321,36.5541916,140.6249504,8
12175964322,36.554231,140.6251598,8
12175964323,36.5541689,140.6252305,6
12175964329,36.5540138,140.6249959,6
12175964330,36.5541145,140.6248872,6
12175964340,36.5537615,140.6244419,2
12175964344,36.5530674,140.6240633,8
12175964350,36.5522169,140.6238263,8
12175964351,36.5518606,140.6237904,8
12175964353,36.5505833,140.6236537,8
12175964355,36.5496644,140.6235562,8
12175964356,36.5494028,140.6235309,8
12175964357,36.5486523,140.6234421,8
12175964358,36.547663,140.6233403,8
12175964359,36.5471743,140.6232802,8
12175964362,36.5469273,140.6239042,8
12175964363,36.5469043,140.6242326,2
12175970434,36.5557003,140.628253,8
12175970435,36.5549482,140.629104,8
12175970436,36.5546037,140.6294785,8
12175970439,36.5540328,140.6291433,8
12175970440,36.5536841,140.6286612,8
12175970441,36.5531862,140.6279738,8
12175970442,36.5545254,140.6299268,8
12175970443,36.5545386,140.6296987,8
12175970444,36.5543554,140.629697,8
12175970445,36.5543433,140.6299169,8
12175970446,36.5544809,140.6296119,6
12175970447,36.554594,140.6297819,6
12175970455,36.5558188,140.6284179,8
12175970456,36.5550273,140.6292933,8
12175970457,36.5543093,140.6297505,6
12175970458,36.5544029,140.6296451,6
12175970459,36.5543994,140.6299942,6
12175970473,36.552748,140.6315518,6
12175970474,36.552869,140.6317192,6
12175970477,36.5536023,140.6308918,8
12175970478,36.5540235,140.63042,8
12175970482,36.5530277,140.6322765,8
12175970484,36.5535212,140.6329436,8
12175970485,36.5537894,140.6333163,8
12175970486,36.5539846,140.6335704,8
12175970488,36.5547648,140.6346537,8
12175970489,36.5551489,140.6351811,8
12175970492,36.5556216,140.6356839,8
12175970493,36.5567066,140.6365433,2
12176017217,36.553473,140.630888,8
12176017218,36.5536029,140.6307424,8
12176017219,36.5535443,140.6306568,6
12176017220,36.5536605,140.6308266,6
12176017221,36.553414,140.6308034,6
12176017222,36.5535315,140.6309718,6
12176149370,36.5565379,140.6267672,8
12176149374,36.5565617,140.626679,6
12176149375,36.5566904,140.6267018,6
12176149376,36.5565375,140.6268647,6
12176149377,36.556671,140.6268882,6
12176149379,36.5571603,140.6272169,8
12176149380,36.5571942,140.6272552,2
12176149385,36.556674,140.6256268,8
12176149389,36.556278,140.6245734,8
12176149390,36.55563,140.6244608,8
12176149396,36.5545971,140.6245586,8
12176149400,36.5542456,140.6250272,6
12176156710,36.5571083,140.6227882,8
12176156715,36.5572386,140.6217356,8
12176156718,36.5574846,140.6199014,6
12176156720,36.5575638,140.6197806,6
12176156732,36.5590002,140.6204646,2
12176156733,36.558969,140.6204135,6
12176156735,36.5586278,140.620104,6
12176156736,36.5585429,140.6204351,2
12176156737,36.5586378,140.6200651,8
12176156738,36.5586532,140.6200049,6
12176156739,36.5578449,140.6198135,6
12176156742,36.5575641,140.6196583,8
12176156748,36.5567281,140.6246058,8
12176156749,36.5567212,140.6246574,6
12176156753,36.5568242,140.6242421,8
12176156758,36.5570808,140.6226649,2
12176156761,36.5570019,140.6229305,8
12176156762,36.5570144,140.6228609,6
12176156763,36.557095,140.6228725,6
12176156765,36.5570448,140.6226404,8
12176156770,36.5571642,140.6216821,8
12176156772,36.5573098,140.6206016,8
12176156775,36.5573764,140.6200122,8
12176156777,36.5573941,140.6198163,6
12176156778,36.5575171,140.6198189,6
12176156780,36.5573941,140.6194801,6
12176156781,36.5575239,140.6194707,6
12176156787,36.5573903,140.6194138,8
12176156791,36.5571771,140.6186717,8
12176156795,36.5572475,140.6185696,8
12176156798,36.557033,140.6180057,8
12176156810,36.5569453,140.6180672,8
12176156811,36.5568721,140.6178855,8
12176156819,36.5558904,140.6168764,8
12176156834,36.5557949,140.6150736,6
12176156839,36.555949,140.6149564,8
12176156849,36.5557917,140.6148882,6
12176156850,36.5559201,140.6150945,6
12176156853,36.5559193,140.6148535,6
12176982274,36.5571765,140.6215901,6
12176982275,36.5572561,140.6216049,6
12176982278,36.5527058,140.6073233,2
12176985820,36.5551781,140.6132443,8
12176985881,36.546379,140.6048324,6
12176985884,36.5463754,140.6049096,8
12176985890,36.5466731,140.6049889,8
12176985891,36.5466437,140.6050957,6
12176985894,36.5466945,140.6049112,6
12176985895,36.5463693,140.605041,6
12176985954,36.5357982,140.6068975,6
12176985959,36.5344704,140.607115,2
12182239115,36.5405868,140.628558,6
12182239117,36.5403545,140.6281914,6
12182239123,36.5402256,140.6290641,6
12182239124,36.5401969,140.6291757,6
12182239126,36.5403091,140.6289676,2
12182239129,36.5402936,140.6281851,6
12182239145,36.540216,140.6281503,6
12182239152,36.5436804,140.6338767,6
12182239154,36.5434562,140.634,8
12182239156,36.5436656,140.6346438,6
12208778783,36.578075,140.6395269,6
12208778789,36.5774353,140.6402644,6
12246148389,36.5824658,140.6465814,2
12246148390,36.5835389,140.6463132,6
12246171577,36.6166124,140.6777975,6
12246171578,36.6165003,140.6769058,6
12246171579,36.6166369,140.6768688,6
12246171580,36.6167483,140.6777732,6
12246171581,36.6159787,140.6770664,6
12246171582,36.6163818,140.6772495,8
12246171583,36.6164611,140.6778245,6
12246171584,36.6167891,140.6768307,6
12246171585,36.6169003,140.677746,6
12246171586,36.6169381,140.6767948,6
12246171587,36.6170533,140.6777187,6
12246171588,36.6170758,140.6767711,6
12246171589,36.6171943,140.6776934,6
12246171590,36.6152856,140.677248,2
12246171591,36.6172148,140.6767497,6
12246171592,36.6173304,140.6776691,6
12246171593,36.6173793,140.6767364,6
<<<<<<< HEAD
12246171594,36.6174881,140.6776409,4
12246171595,36.6175224,140.6767312,4
12246171597,36.6175404,140.676869,2
12246181885,36.5789955,140.6405721,6
=======
12246171594,36.6174881,140.6776409,6
12246171595,36.6175224,140.6767312,6
12246171596,36.6176262,140.6775228,6
12246171597,36.6175404,140.676869,6
12246171598,36.6176796,140.6768631,6
12246171600,36.6179137,140.6769919,4
12246181885,36.5789955,140.6405721,6
12246193101,36.617737,140.6773181,6
>>>>>>> 1e61a47e6e88ab5851de5706f3a1665c927f06cf
12246203818,36.6166171,140.6781264,2
12271343252,36.5760843,140.6451658,6
12271343254,36.5760534,140.6452543,6
12271343258,36.576034,140.6451999,6
12271343264,36.5761074,140.6452309,6
12273289238,36.5849849,140.6570975,6
12385467196,36.6032418,140.6674779,2
12385521801,36.6043696,140.6673798,2
12385521802,36.6036953,140.6686981,6
12385521803,36.6037763,140.6684326,2
12385521805,36.6047623,140.6711148,6
12525991462,36.569794,140.6483855,6
12525991465,36.5702947,140.6480346,2
12525991466,36.5699701,140.648306,6
12525991467,36.5699242,140.6481446,2
12555461488,36.5844635,140.648524,6
12555461489,36.5846187,140.648502,2
12555461490,36.5843924,140.6475952,6
12555461494,36.5845606,140.6475725,6
12555461495,36.5845419,140.6473697,6
12555461496,36.5852031,140.6472891,6
12565249265,36.6117307,140.666302,8
12565249266,36.6116441,140.6661129,8
12565249269,36.6105813,140.6638368,2
12565249291,36.613967,140.671186,2
12565252651,36.5863573,140.6613126,2
12565252652,36.5861592,140.6611919,2
12565252653,36.5862916,140.6615701,2
12565252654,36.5863627,140.6613837,2
12565252655,36.5860396,140.6614937,2
12565252656,36.5862378,140.6615969,2
12565252661,36.5868677,140.6596846,8
12565252662,36.5867829,140.6596232,8
12565252663,36.586974,140.6592752,8
12565252666,36.5870482,140.6593536,8
12565252667,36.5869409,140.6592403,2
12565252668,36.5870958,140.659404,2
12565252669,36.587056,140.6596499,2
12565252670,36.5870777,140.6595814,8
12565252671,36.5871093,140.6594818,2
12565252672,36.5867535,140.6594104,8
12565252673,36.5867228,140.6594995,2
12565252674,36.5867767,140.65934,2
12565252675,36.5867332,140.6595874,2
12565252676,36.5869101,140.6597152,2
12565252681,36.5888142,140.6573073,8
12565252682,36.5889146,140.6571702,8
12565252683,36.5890554,140.6571879,8
12565252684,36.5890903,140.6572911,8
12565252685,36.5890363,140.6571316,6
12565252690,36.5889911,140.6574495,8
12565252697,36.5891022,140.6570982,2
12844341472,36.5454461,140.6157464,2
12844341473,36.545742,140.6162454,6
12867125102,36.5471687,140.6182359,2
12867125104,36.5472739,140.6183033,6
12960648664,36.5893052,140.6367507,8
<<<<<<< HEAD
13096194957,36.528067,140.6335003,6
=======
13096194957,36.528067,140.6335003,2
>>>>>>> 1e61a47e6e88ab5851de5706f3a1665c927f06cf
13096194958,36.5281616,140.6334447,6
13437524602,36.5405299,140.621639,6
13657703357,36.5674115,140.599714,2
13660575714,36.6047141,140.625223,8
13813034894,36.573195,140.64683,6
13813034896,36.5731173,140.6488935,6
13813034899,36.573097,140.6490177,6
13832010780,36.5759512,140.6417637,2
13897784896,36.5865081,140.6412649,2
13897792901,36.5870882,140.6410811,6
13951181663,36.5290927,140.618996,2
13951181664,36.528846,140.6189251,6
13951181665,36.5322281,140.6173538,2
13951181666,36.5319412,140.617412,6
13951181669,36.5346396,140.625701,2
13951181673,36.5342032,140.6257876,6
13951181674,36.5348315,140.6261367,6
13951181676,36.5394436,140.6266123,6
13951181678,36.5390444,140.6266602,2
13951181679,36.5408358,140.6272388,2
13951181680,36.5412356,140.6272142,6
13951181681,36.5409723,140.6271008,2
13951181682,36.549545,140.6292685,2
13951181683,36.5491187,140.6299306,6
13951181684,36.5488811,140.6262496,2
13951181685,36.5486363,140.6265918,6
13951181686,36.5487901,140.6247277,6
13951181687,36.5483921,140.6253454,2
13961082621,36.6135948,140.6768767,6
13961082625,36.6143737,140.6769954,2
13961082630,36.6122993,140.6772186,2
13961082631,36.6112293,140.6742368,2
13961082632,36.6111356,140.6746245,6
13961082633,36.6134731,140.6707907,2
13961082637,36.6131309,140.6716196,6
13961082648,36.6114889,140.6700023,2
13961082649,36.6116339,140.6707662,2
13961082655,36.6106927,140.6706205,6
13961082656,36.6113541,140.6709126,2
13961082658,36.6107487,140.6709968,6
13961082659,36.6112487,140.670697,6
13961082660,36.6110553,140.6711279,6
13961082661,36.6083403,140.6693234,6
13961082663,36.6081249,140.6697007,6
13961082664,36.6022323,140.6645287,6
13961082669,36.6019848,140.6640736,6
13961082670,36.6019344,140.6633759,2
13961082671,36.6017356,140.6636329,6
13961082672,36.6002259,140.6635836,6
13961082674,36.6005776,140.6639923,6
13961082676,36.5985079,140.6648089,6
13961082677,36.598816,140.6641674,6
13961082680,36.5698453,140.6498779,6
13961082683,36.5697722,140.6505285,2
13961082684,36.5638758,140.6453461,6
13961082685,36.563535,140.6460171,8
13961082688,36.5632669,140.6475554,2
13961082689,36.5592388,140.6455552,6
13961082694,36.5601092,140.6471936,2
13961082695,36.5406931,140.6369458,2
13961082696,36.5403749,140.6377375,6
13961082699,36.5403707,140.6336606,6
13961082700,36.546405,140.6342683,6
13961087601,36.5460973,140.6348462,6
13961087602,36.5461585,140.6340649,6
13961087603,36.5458461,140.6346321,6
13961087604,36.5447113,140.6360781,6
13961087605,36.5439265,140.6354834,6
13961087606,36.5480384,140.631199,2
13961087607,36.5479673,140.6315827,6
13961087608,36.5470569,140.6309223,6
13961087609,36.5467817,140.6307247,2
13961087610,36.546324,140.6321152,6
13961087612,36.5464063,140.6314538,2
14019918723,36.5484062,140.6312642,2
14019918737,36.547929,140.629761,6
14019918741,36.5483415,140.6298783,6
